seed,method,multiplier,arm,rmse,rmse_vs_oracle,nll,coverage95,prec_trace_ratio,prec_rel_error,confidence,confidence_oracle,consensus_spread
0,ec_exact,1,duplicate,0.19817145247291484,3.381573738875492e-16,-0.17078914484442817,1.0,0.9999999999999996,6.582839709904639e-16,4.227922209933967,4.2279222099339675,1.7763568394002505e-15
0,ec_exact,1,replacement,0.19817145247291484,3.381573738875492e-16,-0.17078914484442817,1.0,0.9999999999999996,6.582839709904639e-16,4.227922209933967,4.2279222099339675,1.7763568394002505e-15
0,naive_sum,1,duplicate,0.1661862704546463,0.07514328529278697,7.712460454343285e+19,0.0,2.5836230076308675e+20,2.6257303725298254e+20,98.18505290221995,4.2279222099339675,6.897031141761545e-07
0,naive_sum,1,replacement,0.1661862704546463,0.07514328529278697,7.712460454343285e+19,0.0,2.5836230076308675e+20,2.6257303725298254e+20,98.18505290221995,4.2279222099339675,6.897031141761545e-07
0,mean_pool,1,duplicate,0.42451524052254597,0.31116365964528325,3.243064301448008,1.0,0.18625106964903293,0.8270112457294894,0.9848443684793619,4.2279222099339675,2.1985179543548838e-07
0,mean_pool,1,replacement,0.42451524052254597,0.31116365964528325,3.243064301448008,1.0,0.18625106964903293,0.8270112457294894,0.9848443684793619,4.2279222099339675,2.1985179543548838e-07
0,cov_int,1,duplicate,0.38925171223917965,0.2556108474073766,2.8122820791199317,1.0,0.2438299447000501,0.7569542640251836,1.3980160133260542,4.2279222099339675,2.886579864025407e-15
0,cov_int,1,replacement,0.38925171223917965,0.2556108474073766,2.8122820791199317,1.0,0.2438299447000501,0.7569542640251836,1.3980160133260542,4.2279222099339675,2.886579864025407e-15
0,inv_cov_int,1,duplicate,0.3195407784625599,0.19648799129491606,2.2910775976484357,1.0,0.30319409797166347,0.7166437896213709,1.725845706379489,4.2279222099339675,2.7200464103316335e-13
0,inv_cov_int,1,replacement,0.3195407784625599,0.19648799129491606,2.2910775976484357,1.0,0.30319409797166347,0.7166437896213709,1.725845706379489,4.2279222099339675,2.7200464103316335e-13
0,bp_backtrack,1,duplicate,0.24578698705301252,0.1458992669310904,8.921754422248746e+17,0.0,1.3646380234944714e+18,1.4333354295187026e+18,87.59531237798149,4.2279222099339675,0.561365039256259
0,bp_backtrack,1,replacement,0.24578698705301252,0.1458992669310904,8.921754422248746e+17,0.0,1.3646380234944714e+18,1.4333354295187026e+18,87.59531237798149,4.2279222099339675,0.561365039256259
0,bp_cavity,1,duplicate,0.21941367363750008,0.12276054840664997,110021127573025.58,0.0,205621799535945.4,213775859588932.22,70.02833616050349,4.2279222099339675,0.4549192205840882
0,bp_cavity,1,replacement,0.21941367363750008,0.12276054840664997,110021127573025.58,0.0,205621799535945.4,213775859588932.22,70.02833616050349,4.2279222099339675,0.4549192205840882
0,bp_trw,1,duplicate,0.1718900303774039,0.07945015580861049,4514.309860289071,0.125,14007.650696762998,14271.283917157858,23.270571504798852,4.2279222099339675,0.14614033890599387
0,bp_trw,1,replacement,0.1718900303774039,0.07945015580861049,4514.309860289071,0.125,14007.650696762998,14271.283917157858,23.270571504798852,4.2279222099339675,0.14614033890599387
0,ec_exact,2,duplicate,0.1981714524729148,3.9664107333323096e-16,-0.17078914484442817,1.0,0.9999999999999996,7.539873126718788e-16,4.227922209933967,4.2279222099339675,2.6645352591003757e-15
0,ec_exact,2,replacement,0.2097581319262971,2.9935870421322325e-16,-0.4539398906352685,1.0,1.0,8.882937596197825e-16,5.4539072354618,5.4539072354618,3.552713678800501e-15
0,naive_sum,2,duplicate,0.1661862704546324,0.07514328529277989,1.542492090868451e+20,0.0,5.167246015261734e+20,5.251460745059631e+20,99.57134726333985,4.2279222099339675,3.400284924737207e-07
0,naive_sum,2,replacement,0.2142763917566769,0.04474360108999559,3.6952711595004015e+20,0.0,2.72327485366187e+20,2.7295038892530237e+20,99.55580770229072,5.4539072354618,6.162354395655711e-07
0,mean_pool,2,duplicate,0.4245152405225474,0.31116365964528503,3.243064301448012,1.0,0.18625106964903262,0.8270112457294898,0.9848443684793613,4.2279222099339675,1.5296558686372919e-07
0,mean_pool,2,replacement,0.4407134957518961,0.3812528304326751,3.3581201022526193,1.0,0.10327780668856915,0.8987732952962331,0.9425692058381362,5.4539072354618,7.074186625377621e-08
0,cov_int,2,duplicate,0.4849749966744665,0.3796694196868697,3.178112113440574,1.0,0.22622792367798916,0.7898621494832413,1.3546295505432369,4.2279222099339675,2.886579864025407e-15
0,cov_int,2,replacement,0.5207062774012654,0.494667480732352,3.3671911231909886,1.0,0.12171384891802815,0.8780493342057922,1.2267956837297267,5.4539072354618,1.5543122344752192e-15
0,inv_cov_int,2,duplicate,0.4794160689577216,0.31795198454090295,2.804395033482953,1.0,0.287550748979232,0.7359089026220687,1.7041970826687207,4.2279222099339675,3.17395798532516e-09
0,inv_cov_int,2,replacement,0.4159228268452379,0.3718616630453507,2.895398164908315,1.0,0.13914384290540088,0.8676484792479529,1.4144319735401882,5.4539072354618,1.2276846206304981e-11
0,bp_backtrack,2,duplicate,0.16471919175113117,0.08582478716143314,9.118184984722324e+17,0.0,2.7292760469889434e+18,2.815480562200812e+18,89.00720966945926,4.2279222099339675,0.8018264952645353
0,bp_backtrack,2,replacement,0.2307339533066275,0.10510999296224643,2.2821724365693773e+18,0.0,1.4384004178462147e+18,1.4523922940930289e+18,88.8572548621411,5.4539072354618,1.7871104285542003
0,bp_cavity,2,duplicate,0.16527412217002593,0.08217674648372844,132829047652543.5,0.0,411243599071890.75,422282040368067.75,71.43130875503645,4.2279222099339675,0.6580133594616342
0,bp_cavity,2,replacement,0.22287848083118966,0.08656512472815835,326659688202584.1,0.0,216736216695337.06,218286937767847.06,71.32764480980433,5.4539072354618,1.4492771073984585
0,bp_trw,2,duplicate,0.16610609012422833,0.07586606862798409,8418.828643202003,0.0,28015.189119631836,28503.967600399923,24.658555096863406,4.2279222099339675,0.21586616120675828
0,bp_trw,2,replacement,0.21477333650939562,0.049695163569905415,20241.073366396216,0.0,14764.748237982087,14804.844831507908,24.633935207704422,5.4539072354618,0.46633541192350236
0,ec_exact,4,duplicate,0.19817145247291484,4.3195876791436117e-16,-0.17078914484442817,1.0,0.9999999999999994,7.369737797060136e-16,4.227922209933967,4.2279222099339675,3.552713678800501e-15
0,ec_exact,4,replacement,0.12935800893756066,4.509425825010593e-16,-1.9543287659903459,1.0,0.9999999999999998,7.69563624421775e-16,6.6348192909487675,6.6348192909487675,4.440892098500626e-15
0,naive_sum,4,duplicate,0.16618627045462642,0.07514328529277209,3.084984181736587e+20,0.0,1.0334492030523466e+21,1.0502921490119241e+21,100.95764162445974,4.2279222099339675,3.9116930850013887e-07
0,naive_sum,4,replacement,0.1281837142705491,0.02560186315388914,2.7915864462250302e+20,0.0,2.8055371461074207e+20,2.806855463752041e+20,100.80048292126567,6.6348192909487675,3.807604400662967e-07
0,mean_pool,4,duplicate,0.4245152405225465,0.31116365964528414,3.2430643014480087,1.0,0.1862510696490326,0.8270112457294898,0.984844368479362,4.2279222099339675,5.684074877443379e-08
0,mean_pool,4,replacement,0.4507867946224478,0.4142798683089149,3.413940666246699,1.0,0.056107593930843996,0.9443359396774227,0.8844198364948848,6.6348192909487675,5.6224977340590954e-08
0,cov_int,4,duplicate,0.423572438075016,0.2916648443770453,3.036009289801499,1.0,0.21423733316428595,0.8026670870784698,1.254336494659749,4.2279222099339675,1.9984014443252818e-15
0,cov_int,4,replacement,0.3967927944341122,0.3629884525312003,2.9504018619109162,1.0,0.07192456585374228,0.9286725936409921,1.3293225234174406,6.6348192909487675,3.774758283725532e-15
0,inv_cov_int,4,duplicate,0.20559691223749915,0.2716349726738714,2.2232829013996422,1.0,0.274903117978726,0.7459731192027933,1.6001089397300488,4.2279222099339675,1.2743583965857397e-11
0,inv_cov_int,4,replacement,0.7171120622064624,0.7009451054126554,5.310482186511443,0.75,0.07631983501786795,0.9243817665901921,1.3871145034780703,6.6348192909487675,1.1080247830363987e-11
0,bp_backtrack,4,duplicate,0.18385916361095112,0.17887766094166155,3.423608149350114e+18,0.0,5.458552093977885e+18,5.659381823340306e+18,90.42885803080674,4.2279222099339675,0.012533135811537477
0,bp_backtrack,4,replacement,0.13583979105530586,0.04942685209878339,1.623299845240022e+18,0.0,1.4818503530106941e+18,1.499137681979168e+18,90.28817952756265,6.6348192909487675,0.15723815944174646
0,bp_cavity,4,duplicate,0.17374071371488653,0.15373137400573644,432388034590225.1,0.0,822487198143781.1,847583374776730.9,72.84121439752502,4.2279222099339675,0.009393330574226866
0,bp_cavity,4,replacement,0.1333938082777153,0.04286575924422711,237612485710755.8,0.0,223283193772351.38,225126577237808.06,72.69530996058616,6.6348192909487675,0.1309424261166754
0,bp_trw,4,duplicate,0.1662514541733272,0.08711857966973596,18141.492411588897,0.125,56030.2659653695,57032.98893745708,26.047345066695073,4.2279222099339675,0.002518934131348516
0,bp_trw,4,replacement,0.12875389868753068,0.027667152503693625,15230.770108871278,0.0,15210.71856430162,15230.407735557525,25.891428294010034,6.6348192909487675,0.04416602680867854
0,ec_exact,8,duplicate,0.19817145247291473,4.713530838247374e-16,-0.17078914484442823,1.0,0.9999999999999996,7.290507812087307e-16,4.227922209933967,4.2279222099339675,3.552713678800501e-15
0,ec_exact,8,replacement,0.10849357140206442,4.743773692604379e-16,-2.9497632557877416,1.0,1.0,9.663423558076502e-16,7.808957487908635,7.808957487908635,3.552713678800501e-15
0,naive_sum,8,duplicate,0.16618627045462858,0.07514328529275358,6.169968363472693e+20,0.0,2.0668984061046935e+21,2.1005842980238443e+21,102.34393598557965,4.2279222099339675,1.2021604334222502e-07
0,naive_sum,8,replacement,0.10278947360391302,0.012760278194144237,3.004139671388097e+20,0.0,2.8519878458485912e+20,2.8524969996047316e+20,102.00803530291307,7.808957487908635,2.543129937748745e-07
0,mean_pool,8,duplicate,0.4245152405225465,0.31116365964528403,3.2430643014480083,1.0,0.18625106964903257,0.8270112457294898,0.9848443684793627,4.2279222099339675,2.9543303803336585e-08
0,mean_pool,8,replacement,0.4693003805119678,0.40312000503882967,3.5197116814214313,1.0,0.030272099984689126,0.9699010215815344,0.821527956770792,7.808957487908635,4.608212167411807e-08
0,cov_int,8,duplicate,0.4920287873209363,0.39183251259409474,3.20837763944154,1.0,0.22492749431218362,0.7879640702561428,1.3280763388539223,4.2279222099339675,2.886579864025407e-15
0,cov_int,8,replacement,0.4454609671182293,0.37260171459344604,3.1960436116950115,1.0,0.03762504529295048,0.9627500784246268,1.2299726778221576,7.808957487908635,2.6645352591003757e-15
0,inv_cov_int,8,duplicate,0.7500825755592573,0.6421122821341632,4.211489270620009,1.0,0.29414695478675956,0.7380625426078111,1.7156381397345772,4.2279222099339675,3.403507697896657e-09
0,inv_cov_int,8,replacement,0.21679475480251237,0.18930117661267415,2.414536366725864,1.0,0.0455166005993657,0.9554880089851656,1.4577617057451722,7.808957487908635,1.2434497875801753e-14
0,bp_backtrack,8,duplicate,0.18295486543892492,0.09850953736959019,4.190733087247194e+18,0.0,1.091710418795577e+19,1.1117450260179374e+19,91.85053519858471,4.2279222099339675,0.10246652540132573
0,bp_backtrack,8,replacement,0.1715157217944543,0.13176703879665083,4.088610094622578e+18,0.0,1.5063850435973258e+18,1.5155432487883712e+18,91.497131727236,7.808957487908635,0.44536531423320014
0,bp_cavity,8,duplicate,0.17791509310598425,0.09035865697774524,588383982575335.0,0.0,1644974396287562.2,1674130602926163.2,74.25179350982316,4.2279222099339675,0.08524469003970125
0,bp_cavity,8,replacement,0.15225750391207574,0.10802495812665122,496267511073700.4,0.0,226980047547949.94,227947643833319.06,73.90385760317425,7.808957487908635,0.3693884305073567
0,bp_trw,8,duplicate,0.16754381153082212,0.07648261702135858,34181.21499539812,0.0,112060.41965684484,113903.97943906399,27.43634321921813,4.2279222099339675,0.028691609800510776
0,bp_trw,8,replacement,0.10908657708222287,0.03714666471279664,18193.838174334287,0.0,15462.54273678079,15471.456082195797,27.099096815829053,7.808957487908635,0.12358440624635847
0,ec_exact,16,duplicate,0.19817145247291476,4.132599402836115e-16,-0.17078914484442861,1.0,0.9999999999999996,7.584572354603809e-16,4.227922209933967,4.2279222099339675,4.440892098500626e-15
0,ec_exact,16,replacement,0.05802871803923218,5.524464729589784e-16,-4.789468028951214,1.0,0.9999999999999993,1.1719629947987826e-15,9.130282809433865,9.130282809433865,3.552713678800501e-15
0,naive_sum,16,duplicate,0.16618627045462597,0.07514328529275413,1.2339936726944962e+21,0.0,4.1337968122093875e+21,4.2011685960476865e+21,103.73023034669953,4.2279222099339675,1.9914217830319103e-07
0,naive_sum,16,replacement,0.054328203281625916,0.006778422582433201,1.676794497024694e+20,0.0,2.8801286916688308e+20,2.880204503760375e+20,103.3493030705416,9.130282809433865,1.0965574404053768e-07
0,mean_pool,16,duplicate,0.4245152405225463,0.3111636596452839,3.2430643014480074,1.0,0.18625106964903254,0.8270112457294898,0.9848443684793626,4.2279222099339675,2.6762929983270567e-08
0,mean_pool,16,replacement,0.4638019300838221,0.42645287673406107,3.5138654549618593,1.0,0.015549507938799651,0.9844764052264836,0.8050662852549861,9.130282809433865,1.5163040378851633e-08
0,cov_int,16,duplicate,0.4006824456286419,0.27634863064242343,2.882932336518911,1.0,0.2365793705967304,0.7679286529775908,1.375672845109167,4.2279222099339675,8.881784197001252e-16
0,cov_int,16,replacement,0.39490514477411187,0.36027808512750137,3.07896641038783,1.0,0.018906197454145825,0.9810424616876869,1.1773153588680239,9.130282809433865,2.6645352591003757e-15
0,inv_cov_int,16,duplicate,0.49073367179489524,0.3927188456088993,3.0935329968274883,1.0,0.261983577800875,0.7344246197041115,1.4324527596557823,4.2279222099339675,4.870837067016964e-11
0,inv_cov_int,16,replacement,0.3520099679648434,0.329502065525504,2.7998734861548944,1.0,0.021722140223726996,0.9782338855294581,1.4142247106943637,9.130282809433865,1.2905876367597102e-10
0,bp_backtrack,16,duplicate,0.1665905768274584,0.09073199384949443,7.197427066686978e+18,0.0,2.183420837591154e+19,2.22302882826965e+19,93.2375358848209,4.2279222099339675,0.061215666236591915
0,bp_backtrack,16,replacement,0.06690960765238471,0.03872357053514376,1.2960343591929382e+18,0.0,1.5212486936368911e+18,1.5219557181085727e+18,92.86116680610576,9.130282809433865,0.0597979340833632
0,bp_cavity,16,duplicate,0.166418213355278,0.08604962782112487,1053081932980272.2,0.0,3289948792575125.0,3347777213481916.0,75.63857602038729,4.2279222099339675,0.0509003797239842
0,bp_cavity,16,replacement,0.06330420432728712,0.032359041224750015,176361891508565.12,0.0,229219682100255.3,229295508083477.38,75.26080809345557,9.130282809433865,0.0498112457626263
0,bp_trw,16,duplicate,0.16620246258634175,0.07639699635792764,67427.3157343219,0.0,224120.72703979549,227805.07993835048,28.822691484792735,4.2279222099339675,0.017116791130387554
0,bp_trw,16,replacement,0.0554170279747453,0.012032467437481351,9399.18987747166,0.0,15615.10330639617,15615.056458889929,28.442123171249868,9.130282809433865,0.01680946352382051
0,ec_exact,32,duplicate,0.1981714524729148,4.2048406722011505e-16,-0.17078914484442828,1.0,0.9999999999999996,6.747096062896382e-16,4.227922209933967,4.2279222099339675,2.6645352591003757e-15
0,ec_exact,32,replacement,0.033937907672340034,5.770589252949756e-16,-6.3952379994988195,1.0,0.9999999999999998,1.3072523723768482e-15,10.48913362009218,10.48913362009218,3.552713678800501e-15
0,naive_sum,32,duplicate,0.16618627045462558,0.07514328529275287,2.4679873453889605e+21,0.0,8.267593624418773e+21,8.402337192095372e+21,105.11652470781942,4.2279222099339675,1.082077574210416e-07
0,naive_sum,32,replacement,0.03383216608229508,0.0035680960521385485,1.2039974269220795e+20,0.0,2.8950778052013818e+20,2.8951808813060302e+20,104.71849269336917,10.48913362009218,1.0066706579436868e-07
0,mean_pool,32,duplicate,0.4245152405225463,0.3111636596452838,3.243064301448008,1.0,0.18625106964903254,0.8270112457294898,0.9848443684793627,4.2279222099339675,2.3711421270888877e-08
0,mean_pool,32,replacement,0.4534526637949793,0.4495480623881427,3.4893273162224894,1.0,0.00784931235208395,0.9921860120968558,0.8002949484272729,10.48913362009218,2.0899582175992748e-08
0,cov_int,32,duplicate,0.43495745629286353,0.3203074432902135,3.038983408060189,1.0,0.2275177137282193,0.7845646357480975,1.3441226570099487,4.2279222099339675,2.886579864025407e-15
0,cov_int,32,replacement,0.4254157737500286,0.42314692104191276,3.15804509282453,1.0,0.009821928617364546,0.990258682193022,1.2418275341012244,10.48913362009218,5.10702591327572e-15
0,inv_cov_int,32,duplicate,0.6002683996418001,0.48226294791402624,3.393575509934916,1.0,0.45255089700755513,0.5225725021457425,2.309979768854299,4.2279222099339675,1.1470150163006565e-08
0,inv_cov_int,32,replacement,0.41961733242406535,0.4322906102664389,3.0691428966917993,1.0,0.011971459801867462,0.9882375746903458,1.506360102242039,10.48913362009218,1.5842500644680513e-09
0,bp_backtrack,32,duplicate,0.16778982237391377,0.0772392148979556,1.3304534087748516e+19,0.0,4.36684167518231e+19,4.440154221501312e+19,94.62761381571175,4.2279222099339675,0.05300807823519449
0,bp_backtrack,32,replacement,0.05725376197541687,0.045684311864744295,1.7753576828646886e+18,0.0,1.5291446322795648e+18,1.531007655606141e+18,94.22873623156639,10.48913362009218,0.09178536860007114
0,bp_cavity,32,duplicate,0.16729871729803683,0.07659860029698481,1992293532510745.0,0.0,6579897585150250.0,6689377140650909.0,77.02749217542484,4.2279222099339675,0.044144023519550046
0,bp_cavity,32,replacement,0.051140992465437414,0.03808386705397153,214956167885837.0,0.0,230409431385252.12,230606882556994.94,76.62887357541788,10.48913362009218,0.07643712085432242
0,bp_trw,32,duplicate,0.16631290623269374,0.07530899919108883,133997.27651573851,0.0,448241.34180569684,455563.079749725,30.209282878699405,4.2279222099339675,0.014889983184584565
0,bp_trw,32,replacement,0.03615575131733231,0.01326653070310164,7425.455082161487,0.0,15696.147255477848,15697.17614168044,29.811184186634044,10.48913362009218,0.025778709326576887
0,ec_exact,100,duplicate,0.19817145247291476,4.1092157155228355e-16,-0.17078914484442867,1.0,0.9999999999999993,8.811551372015628e-16,4.227922209933967,4.2279222099339675,3.552713678800501e-15
0,ec_exact,100,replacement,0.05836747485704203,1.2419958333179738e-15,-5.104531548509688,0.75,1.0000000000000013,1.75028262344999e-15,12.758386994711888,12.758386994711882,5.329070518200751e-15
0,naive_sum,100,duplicate,0.16618627045462572,0.07514328529275173,7.712460454340469e+21,0.0,2.5836230076308667e+22,2.625730372529804e+22,107.39539327419615,4.2279222099339675,1.0431266161958774e-07
0,naive_sum,100,replacement,0.05808113555423386,0.00111465792187197,1.1440283581103676e+21,0.0,2.9054493552147916e+20,2.9054568720233716e+20,106.99496168356305,12.758386994711882,3.5341855664228206e-08
0,mean_pool,100,duplicate,0.42451524052254624,0.31116365964528375,3.2430643014480074,1.0,0.1862510696490326,0.8270112457294898,0.9848443684793632,4.2279222099339675,9.727588179408997e-09
0,mean_pool,100,replacement,0.4600271696367176,0.44079392863784084,3.509305457393706,1.0,0.0025271237975118244,0.9974754568059534,0.7983929733891155,12.758386994711882,1.548961869879406e-08
0,cov_int,100,duplicate,0.4474654397776572,0.33533598520611996,3.057153722908196,1.0,0.23020083435241634,0.7800342889338856,1.3514097094969126,4.2279222099339675,6.661338147750939e-16
0,cov_int,100,replacement,0.38324854712372936,0.36320488560799546,2.9114057065841896,1.0,0.003302481539689486,0.9966984491470052,1.3119557453819097,12.758386994711882,1.3322676295501878e-15
0,inv_cov_int,100,duplicate,0.529500620779657,0.402521062333675,3.222979052432396,1.0,0.3847539311075574,0.6215381226315706,2.0309704361570753,4.2279222099339675,8.04631650197507e-09
0,inv_cov_int,100,replacement,0.6938302191121798,0.6945943048107786,4.6962612901111225,1.0,0.003705315062643859,0.9963179771307303,1.4651279992983997,12.758386994711882,1.6602319519165576e-10
0,bp_backtrack,100,duplicate,0.1658639510967228,0.07667825108901,4.1056143523152806e+19,0.0,1.3646380234944718e+20,1.3872747292772644e+20,96.90781909145645,4.2279222099339675,0.009529608467971684
0,bp_backtrack,100,replacement,0.05911408898234155,0.014297987694912086,6.420986007723428e+18,0.0,1.5346227579461468e+18,1.5349603401395996e+18,96.50753586143998,12.758386994711882,0.02186172445352952
0,bp_cavity,100,duplicate,0.16596222491017693,0.0762116961880693,6171547353007848.0,0.0,2.056217995359453e+16,2.0901443005243856e+16,79.30728827799871,4.2279222099339675,0.0079415421134712
0,bp_cavity,100,replacement,0.05879555914369912,0.011929721028397598,950082153797192.2,0.0,231234867902668.03,231270375522194.78,78.90695969513725,12.758386994711882,0.018214905275726778
0,bp_trw,100,duplicate,0.16616069341898362,0.0752656250745003,418374.740901496,0.0,1400753.9545607779,1423614.3366521194,32.48825661994384,4.2279222099339675,0.002685727338736399
0,bp_trw,100,replacement,0.05816192758212883,0.004161110765350165,62304.473919035365,0.0,15752.374761500505,15751.686698710375,32.08783678987886,12.758386994711882,0.006149762770270684
1,ec_exact,1,duplicate,0.3646561367283616,1.1556479026494047e-15,1.558221567245615,1.0,1.0000000000000002,7.104158891165793e-16,4.3146164250601515,4.314616425060151,3.552713678800501e-15
1,ec_exact,1,replacement,0.3646561367283616,1.1556479026494047e-15,1.558221567245615,1.0,1.0000000000000002,7.104158891165793e-16,4.3146164250601515,4.314616425060151,3.552713678800501e-15
1,naive_sum,1,duplicate,0.4267997342329625,0.2880904769534083,6.53878732437422e+20,0.0,2.60381830968828e+20,2.6515004546681317e+20,98.27934041543257,4.314616425060151,5.808375362903462e-07
1,naive_sum,1,replacement,0.4267997342329625,0.2880904769534083,6.53878732437422e+20,0.0,2.60381830968828e+20,2.6515004546681317e+20,98.27934041543257,4.314616425060151,5.808375362903462e-07
1,mean_pool,1,duplicate,0.9734692053185847,0.837022546302784,5.4279407724019855,1.0,0.17989027111194122,0.8351279007961045,1.0329432323245729,4.314616425060151,1.0599786026688207e-07
1,mean_pool,1,replacement,0.9734692053185847,0.837022546302784,5.4279407724019855,1.0,0.17989027111194122,0.8351279007961045,1.0329432323245729,4.314616425060151,1.0599786026688207e-07
1,cov_int,1,duplicate,0.8748007408322227,0.7499733896925422,4.899409398607721,1.0,0.21301062710144375,0.7989552998116507,1.315274804654862,4.314616425060151,2.4424906541753444e-15
1,cov_int,1,replacement,0.8748007408322227,0.7499733896925422,4.899409398607721,1.0,0.21301062710144375,0.7989552998116507,1.315274804654862,4.314616425060151,2.4424906541753444e-15
1,inv_cov_int,1,duplicate,0.5636830056316491,0.5379246938505838,3.2948298352404732,1.0,0.24879266190830002,0.785047305143434,1.5233507079718867,4.314616425060151,2.900677475992097e-10
1,inv_cov_int,1,replacement,0.5636830056316491,0.5379246938505838,3.2948298352404732,1.0,0.24879266190830002,0.785047305143434,1.5233507079718867,4.314616425060151,2.900677475992097e-10
1,bp_backtrack,1,duplicate,0.43963590450630124,0.33231844087069906,4.170763325065994e+18,0.0,1.3753049346506675e+18,1.4347752797429146e+18,87.71273028425392,4.314616425060151,0.5030042374392565
1,bp_backtrack,1,replacement,0.43963590450630124,0.33231844087069906,4.170763325065994e+18,0.0,1.3753049346506675e+18,1.4347752797429146e+18,87.71273028425392,4.314616425060151,0.5030042374392565
1,bp_cavity,1,duplicate,0.4356584329980824,0.3185380321575674,594648610033549.2,0.0,207229075186824.94,214615003315758.0,70.13726076078237,4.314616425060151,0.41390079316612116
1,bp_cavity,1,replacement,0.4356584329980824,0.3185380321575674,594648610033549.2,0.0,207229075186824.94,214615003315758.0,70.13726076078237,4.314616425060151,0.41390079316612116
1,bp_trw,1,duplicate,0.42778991179250747,0.29148004423769386,35996.07381128695,0.0,14117.135919954744,14402.581947503488,23.36626347152712,4.314616425060151,0.13645604237489195
1,bp_trw,1,replacement,0.42778991179250747,0.29148004423769386,35996.07381128695,0.0,14117.135919954744,14402.581947503488,23.36626347152712,4.314616425060151,0.13645604237489195
1,ec_exact,2,duplicate,0.36465613672836183,1.5561002520134424e-15,1.5582215672456177,1.0,1.0,6.934397189199436e-16,4.314616425060151,4.314616425060151,2.6645352591003757e-15
1,ec_exact,2,replacement,0.2813754718985254,8.589318623013366e-16,0.6879927640368863,1.0,1.0000000000000004,8.994497862559597e-16,5.357800418534543,5.357800418534543,2.6645352591003757e-15
1,naive_sum,2,duplicate,0.42679973423295536,0.28809047695340306,1.307757464874756e+21,0.0,5.2076366193765594e+20,5.303000909336242e+20,99.66563477655247,4.314616425060151,7.274745570384766e-07
1,naive_sum,2,replacement,0.2317330125022067,0.1384343063630935,5.4285979830710456e+20,0.0,2.7189663754713383e+20,2.7329982468901886e+20,99.44781784431773,5.357800418534543,5.307485366756737e-07
1,mean_pool,2,duplicate,0.9734692053185843,0.8370225463027827,5.427940772401978,1.0,0.17989027111194114,0.8351279007961045,1.0329432323245737,4.314616425060151,8.064201950652716e-08
1,mean_pool,2,replacement,1.0360484871539533,0.8601317300887414,5.764492762797344,1.0,0.1046965059460659,0.8999239202654309,0.9173838339635803,5.357800418534543,6.2598385253132e-08
1,cov_int,2,duplicate,0.8117952074169924,0.6822404753480973,4.612621023528854,1.0,0.2107322333875435,0.8034331832727344,1.3061010556089163,4.314616425060151,1.7763568394002505e-15
1,cov_int,2,replacement,0.9008289604514637,0.7499096000628669,5.061806038092003,1.0,0.11942189702224462,0.8833718124370551,1.1330052190307445,5.357800418534543,2.886579864025407e-15
1,inv_cov_int,2,duplicate,1.0806021215632324,0.9378547270154163,6.218625404221794,0.625,0.30942124708060215,0.7090276845739671,1.817131880326855,4.314616425060151,0.13064782965783506
1,inv_cov_int,2,replacement,0.49183777176045057,0.37353662307245206,2.8978890225555247,1.0,0.17725878375522602,0.8294714126360021,1.6927574694517324,5.357800418534543,3.911737378459179e-09
1,bp_backtrack,2,duplicate,0.4787828529093894,0.380638665334337,8.095025249307523e+18,0.0,2.750609869301334e+18,2.834019204694063e+18,89.0827546146528,4.314616425060151,0.9571575564388581
1,bp_backtrack,2,replacement,0.26639497163086046,0.20295899045050897,3.972717658254608e+18,0.0,1.4361247324444237e+18,1.455286790472254e+18,88.91038353262377,5.357800418534543,0.6305750787233535
1,bp_cavity,2,duplicate,0.4591696624315249,0.3494351866042015,1160656352700746.0,0.0,414458150373649.75,425493703021511.6,71.51318382964108,4.314616425060151,0.7835519247792462
1,bp_cavity,2,replacement,0.2538203121066009,0.1844562646019355,546573581837800.75,0.0,216393319517156.75,218734200332937.7,71.32568213995432,5.357800418534543,0.5198242223420664
1,bp_trw,2,duplicate,0.42979053929796374,0.2945542408568637,71754.2765097598,0.125,28234.166505068275,28776.768727257262,24.75154610513767,4.314616425060151,0.25596306057170537
1,bp_trw,2,replacement,0.2337259055728707,0.14407419155105455,30284.05014664,0.0,14741.39059297306,14825.885496043218,24.536937157354583,5.357800418534543,0.17194527730676512
1,ec_exact,4,duplicate,0.3646561367283616,1.161858478934737e-15,1.5582215672456146,1.0,0.9999999999999999,7.4492665250455e-16,4.31461642506015,4.314616425060151,2.6645352591003757e-15
1,ec_exact,4,replacement,0.2415368255221838,7.022943816412415e-16,0.2773248993274132,1.0,1.0000000000000004,1.1523901833947013e-15,6.496503540054629,6.496503540054627,3.552713678800501e-15
1,naive_sum,4,duplicate,0.4267997342329553,0.28809047695339984,2.615514929749485e+21,0.0,1.0415273238753119e+21,1.0606001818672478e+21,101.05192913767237,4.314616425060151,2.578587867674287e-07
1,naive_sum,4,replacement,0.21718357233197533,0.06405780976520695,7.727460488416001e+20,0.0,2.7992762241639475e+20,2.8030583820548542e+20,100.65577308629184,6.496503540054627,4.0341006979360827e-07
1,mean_pool,4,duplicate,0.9734692053185833,0.8370225463027814,5.427940772401975,1.0,0.17989027111194106,0.8351279007961047,1.032943232324573,4.314616425060151,2.7040109262799206e-08
1,mean_pool,4,replacement,1.0249428928041597,0.8979099390261571,5.826009812290982,1.0,0.058214012905063076,0.9430584529101655,0.8394445844595566,6.496503540054627,2.248157215944957e-08
1,cov_int,4,duplicate,0.9281307664479149,0.80142269528219,5.00382241029351,1.0,0.20722506615385486,0.8036168578966787,1.2610850610017423,4.314616425060151,2.886579864025407e-15
1,cov_int,4,replacement,0.8697550043969329,0.7482975582292232,4.9794648480677495,1.0,0.06578563513944999,0.9349794562129974,1.069166163497275,6.496503540054627,3.552713678800501e-15
1,inv_cov_int,4,duplicate,0.92097454119327,0.7206998587832502,5.533041495633481,0.75,0.26964033410593774,0.7460300073002042,1.7417466356456894,4.314616425060151,3.2566471741546366e-09
1,inv_cov_int,4,replacement,1.2321793299654136,1.054649234782413,7.9603762481194895,0.75,0.08000915909098985,0.9203553812382883,1.4318059890371129,6.496503540054627,5.652154300150869e-10
1,bp_backtrack,4,duplicate,0.47274178306875914,0.35418227004768127,1.7032809139718517e+19,0.0,5.50121973860267e+18,5.624354155375737e+18,90.54785343454736,4.314616425060151,0.30286734884083444
1,bp_backtrack,4,replacement,0.2972697169802345,0.21602233668860998,7.023509326846636e+18,0.0,1.4785434107358497e+18,1.4945931615272397e+18,90.1379962062021,6.496503540054627,0.4915487764820483
1,bp_cavity,4,duplicate,0.4583823220094873,0.33391032345086513,2415155072106280.5,0.0,828916300747299.4,846438498815318.9,72.9524235024871,4.314616425060151,0.2514938084579512
1,bp_cavity,4,replacement,0.2735713098339947,0.1798753412332331,919624150593594.9,0.0,222784908212512.12,224554911707905.62,72.54685766281247,6.496503540054627,0.4074334496241221
1,bp_trw,4,duplicate,0.43032700677868596,0.2932847393773629,144324.17044427042,0.0,56468.22767529535,57519.46719556379,26.14351028886231,4.314616425060151,0.08433512532687004
1,bp_trw,4,replacement,0.22382272886289564,0.07903827819771737,44191.74970509317,0.0,15176.776094195524,15207.66894696557,25.746304847490855,6.496503540054627,0.13614493058522825
1,ec_exact,8,duplicate,0.3646561367283617,1.4113344979852808e-15,1.5582215672456174,1.0,1.0,7.434290540714455e-16,4.3146164250601515,4.314616425060151,3.552713678800501e-15
1,ec_exact,8,replacement,0.12366939957402476,1.5562579159119159e-15,-2.557057541638092,1.0,1.0000000000000009,1.1475966692565412e-15,7.683199006360633,7.683199006360631,2.6645352591003757e-15
1,naive_sum,8,duplicate,0.4267997342329517,0.2880904769533973,5.231029859498917e+21,0.0,2.0830546477506243e+21,2.1212003637344954e+21,102.43822349879227,4.314616425060151,3.0974844378306443e-07
1,naive_sum,8,replacement,0.13470855790420327,0.034222097865576014,4.678606583408793e+20,0.0,2.8483395038069162e+20,2.8491465014051357e+20,101.87948715955567,7.683199006360631,2.2816243472334463e-07
1,mean_pool,8,duplicate,0.9734692053185825,0.8370225463027807,5.427940772401971,1.0,0.1798902711119411,0.8351279007961045,1.0329432323245742,4.314616425060151,1.8387824596288738e-08
1,mean_pool,8,replacement,0.9788964279462589,0.9897062420137277,5.684747650100915,1.0,0.03151260284018516,0.9687617910662878,0.7802434120081709,7.683199006360631,3.737541676152034e-08
1,cov_int,8,duplicate,0.8830633096024036,0.7890242115818055,5.144161585223831,1.0,0.20371365933919894,0.8126861958406878,1.2551126821192926,4.314616425060151,2.886579864025407e-15
1,cov_int,8,replacement,0.856243969544898,0.8616888258959658,4.989798754221031,1.0,0.036299404148902356,0.9638133294153499,1.0472347678509708,7.683199006360631,2.4424906541753444e-15
1,inv_cov_int,8,duplicate,0.7321648229608617,0.5569505521762933,3.6534099635914825,1.0,0.3173395479855027,0.7122889072554266,1.7878645043751236,4.314616425060151,5.69121860749533e-09
1,inv_cov_int,8,replacement,0.7296930619078974,0.8176388116361096,4.088131662045458,1.0,0.056230458300218326,0.9439856695820974,1.800366933194814,7.683199006360631,3.6380660706214485e-09
1,bp_backtrack,8,duplicate,0.4342243785821492,0.300404104121233,2.9550012814701257e+19,0.0,1.100243947720534e+19,1.1226885889287832e+19,91.93879560625237,4.314616425060151,0.3201992787469976
1,bp_backtrack,8,replacement,0.14883331115607515,0.09616575494841173,3.633989194870875e+18,0.0,1.5044580340227558e+18,1.51343600484241e+18,91.37250365311812,7.683199006360631,0.3497445873690168
1,bp_cavity,8,duplicate,0.43187222860474783,0.29650423495037076,4363063526299242.0,0.0,1657832601494598.5,1690587917553672.5,74.34191926397283,4.314616425060151,0.2661938945852853
1,bp_cavity,8,replacement,0.14389856618448688,0.08186181371314309,493545177927336.4,0.0,226689688368721.2,227647347858794.0,73.77797443079568,7.683199006360631,0.29036234760474144
1,bp_trw,8,duplicate,0.4273578694527372,0.28901555095550147,285120.1432713714,0.0,112936.35001574947,115021.97762347583,27.530161474210193,4.314616425060151,0.08946556621901536
1,bp_trw,8,replacement,0.13559389123374818,0.041974382018306,26276.26573614784,0.0,15442.763902001436,15453.056832219485,26.970840246121025,7.683199006360631,0.09732803368599363
1,ec_exact,16,duplicate,0.36465613672836167,1.2443524979181321e-15,1.5582215672456152,1.0,1.0,7.266813110381123e-16,4.31461642506015,4.314616425060151,2.6645352591003757e-15
1,ec_exact,16,replacement,0.0776931027214946,1.4080802396869448e-15,-4.359998217960168,1.0,1.0,8.82977202550451e-16,9.118403459408945,9.118403459408945,3.552713678800501e-15
1,naive_sum,16,duplicate,0.42679973423295003,0.28809047695339407,1.0462059718997692e+22,0.0,4.1661092955012475e+21,4.2424007274689876e+21,103.82451785991215,4.314616425060151,2.1518836490486137e-07
1,naive_sum,16,replacement,0.07982102475414359,0.014924385137167186,3.258599035565012e+20,0.0,2.8801344274477338e+20,2.8806098172248146e+20,103.337178683374,9.118403459408945,1.6439358319075836e-07
1,mean_pool,16,duplicate,0.9734692053185823,0.8370225463027805,5.427940772401969,1.0,0.1798902711119411,0.8351279007961045,1.032943232324574,4.314616425060151,1.699932572485352e-08
1,mean_pool,16,replacement,0.9478343714048566,0.9466577404160141,5.5849629636358085,1.0,0.015547547404751644,0.9846149445357373,0.8037392380051704,9.118403459408945,4.103648709730123e-08
1,cov_int,16,duplicate,0.8399152520831621,0.7262949132428822,4.985353323538677,1.0,0.20299901344092752,0.8139504944018057,1.2538239072797057,4.314616425060151,2.220446049250313e-15
1,cov_int,16,replacement,0.8466826002087697,0.8606716027336065,4.984170731006879,1.0,0.019006435113625205,0.9810427346731039,1.1786395591617693,9.118403459408945,1.5543122344752192e-15
1,inv_cov_int,16,duplicate,0.8460222512889077,0.617036110427077,4.971000243066344,0.75,0.2944785350528861,0.7442987779733572,1.6670032054625956,4.314616425060151,4.49570425331558e-09
1,inv_cov_int,16,replacement,0.9902488417799868,0.9857400911707379,6.537809679196011,0.75,0.022724436737625434,0.9778214824201954,1.512194228861953,9.118403459408945,1.1293499468933987e-09
1,bp_backtrack,16,duplicate,0.42742427700472685,0.2893600790507967,5.541966086822237e+19,0.0,2.2004878954410676e+19,2.2418718924399804e+19,93.32851490137583,4.314616425060151,0.3489572279343065
1,bp_backtrack,16,replacement,0.10485905031888117,0.06833521178356503,3.0649991806598513e+18,0.0,1.5212517232050458e+18,1.5237159193829358e+18,92.84666141692318,9.118403459408945,0.05978407921649875
1,bp_cavity,16,duplicate,0.4272332378624206,0.28897139965071406,8343155673458573.0,0.0,3315665202989197.0,3377518659807362.5,75.73057236085494,4.314616425060151,0.2904485675189221
1,bp_cavity,16,replacement,0.09785756946990304,0.0569955124728143,399854576749409.25,0.0,229220138591460.3,229489579992404.16,75.24703193193977,9.118403459408945,0.04978491206738056
1,bp_trw,16,duplicate,0.42684834573072106,0.28818933185921025,567321.4864007519,0.0,225872.59469665776,230016.62580367862,28.916719175920516,4.314616425060151,0.09784480199806822
1,bp_trw,16,replacement,0.0820674550496913,0.020535191418950757,18732.00554631224,0.125,15615.134401897078,15618.5112420454,28.429810852818818,9.118403459408945,0.01679239197391169
1,ec_exact,32,duplicate,0.3646561367283617,1.7975901905141086e-15,1.5582215672456154,1.0,1.0000000000000002,6.732608172221642e-16,4.314616425060151,4.314616425060151,2.6645352591003757e-15
1,ec_exact,32,replacement,0.06751399274018642,1.8178563720900173e-15,-5.087047879311996,1.0,0.9999999999999998,1.029551334304524e-15,10.475455178175245,10.475455178175245,3.552713678800501e-15
1,naive_sum,32,duplicate,0.42679973423295037,0.2880904769533949,2.0924119437995376e+22,0.0,8.332218591002496e+21,8.484801454937976e+21,105.21081222103204,4.314616425060151,1.149682304912858e-07
1,naive_sum,32,replacement,0.0651618185704978,0.007228085730333479,4.630026224034973e+20,0.0,2.8949976965389697e+20,2.895148177689394e+20,104.70472314582702,10.475455178175245,1.2984492059331387e-07
1,mean_pool,32,duplicate,0.973469205318582,0.8370225463027803,5.427940772401968,1.0,0.17989027111194114,0.8351279007961045,1.032943232324574,4.314616425060151,2.866398052248087e-08
1,mean_pool,32,replacement,0.9579916239025796,0.9318664036989827,5.64932544622367,1.0,0.007876765798881288,0.9921748044824431,0.7964995437578104,10.475455178175245,3.9642859328559155e-08
1,cov_int,32,duplicate,0.7901324884301677,0.6784103752524286,4.60629134300931,1.0,0.20075234789618088,0.8150514852931262,1.237335154603262,4.314616425060151,2.4424906541753444e-15
1,cov_int,32,replacement,0.8055886273140764,0.7845700177724049,4.707954012512138,1.0,0.010703933825290035,0.9893853664832787,1.3664227714875414,10.475455178175245,1.1102230246251565e-15
1,inv_cov_int,32,duplicate,1.2252129179745943,1.0879485370082842,7.626449656294643,0.5,0.3499274838904748,0.6752558937155377,1.9945050271811846,4.314616425060151,7.993964601382686e-09
1,inv_cov_int,32,replacement,1.3447197763025835,1.3120398354911897,7.176007280649639,0.5,0.009720349523091015,0.9905753696987429,1.0920511544275548,10.475455178175245,1.2887957367979652e-10
1,bp_backtrack,32,duplicate,0.4284533285599505,0.2881173387660345,1.1111330912726878e+20,0.0,4.400975790882136e+19,4.485310119666409e+19,94.72186709503572,4.314616425060151,0.05935939829511483
1,bp_backtrack,32,replacement,0.06712571153668606,0.017073350041371844,2.6128719078575237e+18,0.0,1.5291023198654026e+18,1.530668679170253e+18,94.21566513332914,10.475455178175245,0.04853296993704248
1,bp_cavity,32,duplicate,0.42794713604438867,0.28810459834215585,1.6714990444135922e+16,0.0,6631330405978396.0,6756681773261008.0,77.12175596814348,4.314616425060151,0.04943213183463513
1,bp_cavity,32,replacement,0.06652620599947925,0.014555120726946008,385987851566433.9,0.0,230403055808291.06,230570633740025.88,76.61558833316212,10.475455178175245,0.040434420965382856
1,bp_trw,32,duplicate,0.42692996599310357,0.2880903486984076,1134890.6685093807,0.0,451745.0840584743,460047.02088826126,30.303567682096656,4.314616425060151,0.016672917727742487
1,bp_trw,32,replacement,0.06531762360269512,0.008029166529973784,25212.181979975514,0.0,15695.712960672116,15696.737741916237,29.797469698933725,10.475455178175245,0.013650900640573838
1,ec_exact,100,duplicate,0.3646561367283617,1.1931975591985118e-15,1.5582215672456163,1.0,1.0,8.024160205461865e-16,4.3146164250601515,4.314616425060151,4.440892098500626e-15
1,ec_exact,100,replacement,0.040336049193098564,2.6614838516546347e-15,-7.166350836215362,1.0,1.0000000000000004,1.192729408837457e-15,12.81233522098162,12.81233522098162,3.552713678800501e-15
1,naive_sum,100,duplicate,0.42679973423295003,0.288090476953394,6.538787324373553e+22,0.0,2.60381830968828e+22,2.6515004546681166e+22,107.48968078740876,4.314616425060151,6.750296677182632e-08
1,naive_sum,100,replacement,0.03995821196374731,0.002360246751406692,5.634065168944228e+20,0.0,2.9055811354044118e+20,2.9055892880662528e+20,107.04900005983026,12.81233522098162,3.0358989988599205e-08
1,mean_pool,100,duplicate,0.9734692053185823,0.8370225463027805,5.4279407724019695,1.0,0.1798902711119411,0.8351279007961045,1.032943232324574,4.314616425060151,7.08647629465986e-09
1,mean_pool,100,replacement,0.9568402758929844,0.949062080991218,5.613403615729009,1.0,0.0024818822019098716,0.9975209166970076,0.816384054731271,12.81233522098162,1.3783819863277813e-08
1,cov_int,100,duplicate,0.7821611490592681,0.6808641991977487,4.565648490403627,1.0,0.20167146449073417,0.8128385811212246,1.236849700176569,4.314616425060151,1.3322676295501878e-15
1,cov_int,100,replacement,0.8191467283610361,0.8123369317099872,4.674848106895589,1.0,0.003363522145862563,0.9966513463518999,1.3871139777082755,12.81233522098162,2.886579864025407e-15
1,inv_cov_int,100,duplicate,0.7488166409974699,0.5570364873886493,4.204522452503937,1.0,0.28547017325488755,0.7405824264120002,1.7508456710903455,4.314616425060151,4.302778799925022e-09
1,inv_cov_int,100,replacement,0.6775442719765744,0.6747459533598061,3.872911125438806,1.0,0.004259181568081501,0.9957810435017407,1.8300187066708191,12.81233522098162,3.316350749571484e-09
1,bp_backtrack,100,duplicate,0.42730233751432306,0.28877933785976856,3.45909915750473e+20,0.0,1.3753049346506673e+20,1.4007503034127565e+20,97.0018590149298,4.314616425060151,0.06754951894458827
1,bp_backtrack,100,replacement,0.045088419083069334,0.0330820516735975,4.969270731203102e+18,0.0,1.5346923626280095e+18,1.5352647032414843e+18,96.56133068438439,12.81233522098162,0.0012945183244710279
1,bp_cavity,100,duplicate,0.4271485533384253,0.2885686011909918,5.20963879156159e+16,0.0,2.072290751868248e+16,2.1105116667407224e+16,79.40140394939554,4.314616425060151,0.05628059598781476
1,bp_cavity,100,replacement,0.043146076141265616,0.027580128992864536,656929191054665.4,0.0,231245355841370.0,231305445996137.56,78.96082899075904,12.81233522098162,0.0010800613958537042
1,bp_trw,100,duplicate,0.42683933592399825,0.28814470856740554,3545519.2817635005,0.0,1411703.1638461947,1437574.9602475842,32.58252455605917,4.314616425060151,0.018998931042858658
1,bp_trw,100,replacement,0.04024520518463329,0.009484085182493971,32136.472566826797,0.0,15753.089184262386,15752.595167755218,32.14185589409618,12.81233522098162,0.00036735214814598294
2,ec_exact,1,duplicate,0.2960328355261419,8.072598760147238e-16,1.5012801373652502,1.0,1.0000000000000009,1.0953078865469845e-15,3.5377259813100843,3.537725981310083,2.6645352591003757e-15
2,ec_exact,1,replacement,0.2960328355261419,8.072598760147238e-16,1.5012801373652502,1.0,1.0000000000000009,1.0953078865469845e-15,3.5377259813100843,3.537725981310083,2.6645352591003757e-15
2,naive_sum,1,duplicate,0.36015150911875843,0.09354304506385915,5.308758074778038e+20,0.0,2.461912478847512e+20,2.5349792481785194e+20,97.34543830305458,3.537725981310083,4.825379278372566e-07
2,naive_sum,1,replacement,0.36015150911875843,0.09354304506385915,5.308758074778038e+20,0.0,2.461912478847512e+20,2.5349792481785194e+20,97.34543830305458,3.537725981310083,4.825379278372566e-07
2,mean_pool,1,duplicate,0.19843695616212248,0.31858625338687274,3.042580628419572,1.0,0.22458553730061448,0.7984278842441224,0.7283659024996303,3.537725981310083,9.092851405156921e-08
2,mean_pool,1,replacement,0.19843695616212248,0.31858625338687274,3.042580628419572,1.0,0.22458553730061448,0.7984278842441224,0.7283659024996303,3.537725981310083,9.092851405156921e-08
2,cov_int,1,duplicate,0.20351434492114165,0.3221526003362679,2.942334049436532,1.0,0.24346867046350074,0.7777025582888599,0.8569849223788194,3.537725981310083,1.1102230246251565e-15
2,cov_int,1,replacement,0.20351434492114165,0.3221526003362679,2.942334049436532,1.0,0.24346867046350074,0.7777025582888599,0.8569849223788194,3.537725981310083,1.1102230246251565e-15
2,inv_cov_int,1,duplicate,0.4142379930670045,0.5177510003536114,3.183976642056571,1.0,0.27583780585300066,0.7585303620672742,1.1033272935343352,3.537725981310083,5.312057460571395e-10
2,inv_cov_int,1,replacement,0.4142379930670045,0.5177510003536114,3.183976642056571,1.0,0.27583780585300066,0.7585303620672742,1.1033272935343352,3.537725981310083,5.312057460571395e-10
2,bp_backtrack,1,duplicate,0.490672077089326,0.4091194633762356,4.5765010872177674e+18,0.0,1.3003520131335076e+18,1.4044378380065416e+18,86.76652485072853,3.537725981310083,0.1467218617978574
2,bp_backtrack,1,replacement,0.490672077089326,0.4091194633762356,4.5765010872177674e+18,0.0,1.3003520131335076e+18,1.4044378380065416e+18,86.76652485072853,3.537725981310083,0.1467218617978574
2,bp_cavity,1,duplicate,0.4483668883554096,0.33674609644081355,603349831064005.2,0.0,195935271014954.53,208652920877658.44,69.19546916877786,3.537725981310083,0.12426863432106927
2,bp_cavity,1,replacement,0.4483668883554096,0.33674609644081355,603349831064005.2,0.0,195935271014954.53,208652920877658.44,69.19546916877786,3.537725981310083,0.12426863432106927
2,bp_trw,1,duplicate,0.3693368517875124,0.13976413624504885,30104.66955765223,0.0,13347.818802654736,13797.36371679763,22.431603263225234,3.537725981310083,0.04309781493002163
2,bp_trw,1,replacement,0.3693368517875124,0.13976413624504885,30104.66955765223,0.0,13347.818802654736,13797.36371679763,22.431603263225234,3.537725981310083,0.04309781493002163
2,ec_exact,2,duplicate,0.2960328355261421,9.621569116944318e-16,1.5012801373652516,1.0,1.0000000000000009,1.2681740643076731e-15,3.537725981310084,3.537725981310083,1.7763568394002505e-15
2,ec_exact,2,replacement,0.5452685451380597,4.932544543572759e-16,5.610440099757719,0.75,1.0000000000000002,6.218474979474463e-16,5.017368151587716,5.017368151587716,3.552713678800501e-15
2,naive_sum,2,duplicate,0.36015150911875066,0.09354304506380329,1.0617516149555558e+21,0.0,4.923824957695024e+20,5.069958496357012e+20,98.73173266417449,3.537725981310083,4.6118881869006145e-07
2,naive_sum,2,replacement,0.6128339065154262,0.07686827651314909,2.28213268767586e+21,0.0,2.6852131932333644e+20,2.7060401512665753e+20,99.07743734912195,5.017368151587716,4.1619082935540064e-07
2,mean_pool,2,duplicate,0.19843695616211912,0.31858625338686986,3.0425806284195662,1.0,0.22458553730061448,0.7984278842441223,0.7283659024996316,3.537725981310083,5.4946918015552626e-08
2,mean_pool,2,replacement,0.2434810773576915,0.46866814792660266,3.0526839758752717,1.0,0.11581078167441436,0.8910471362703803,0.7941855072487811,5.017368151587716,4.3663763049650584e-08
2,cov_int,2,duplicate,0.19285227804772304,0.31360239320234135,2.8421245364330554,1.0,0.25945328108800514,0.7578016036275274,0.9639504640845977,3.537725981310083,5.551115123125783e-16
2,cov_int,2,replacement,0.3082963111346684,0.4693137294651991,3.014996446705231,1.0,0.12496702271438664,0.8827766560010402,0.9329341405243956,5.017368151587716,1.4099832412739488e-14
2,inv_cov_int,2,duplicate,0.446531306497665,0.30243673632996176,3.236250437595433,1.0,0.36631389717041585,0.6717385897493111,1.5508925396325006,3.537725981310083,0.03687923502891666
2,inv_cov_int,2,replacement,0.42323541702219625,0.6988460127620175,2.848818385560925,1.0,0.18442405499326592,0.8260365605054747,1.5559853231660374,5.017368151587716,2.1792896376382487e-09
2,bp_backtrack,2,duplicate,0.3751486707661722,0.14845124266636517,6.18832839889737e+18,0.0,2.600704026267015e+18,2.7297721082646103e+18,88.13385816228025,3.537725981310083,0.8251813997073469
2,bp_backtrack,2,replacement,0.6102788301168283,0.1381673807402104,1.2578850103112147e+19,0.0,1.4182967150595978e+18,1.4502568897340278e+18,88.53942599909475,5.017368151587716,0.32523021556511367
2,bp_cavity,2,duplicate,0.37005067801170166,0.13205170815355743,904404062282025.0,0.0,391870542029908.9,408849238085852.0,70.56873089589708,3.537725981310083,0.6755082041615026
2,bp_cavity,2,replacement,0.6109123695521081,0.1213919484045486,1870738351380260.2,0.0,213707018129013.62,217554995403913.4,70.9547334193272,5.017368151587716,0.26895805655797744
2,bp_trw,2,duplicate,0.36118419082957365,0.09812388199440406,57986.196653387626,0.0,26695.483511996063,27527.036535145064,23.816425162376397,3.537725981310083,0.22060614461206285
2,bp_trw,2,replacement,0.6125805495981096,0.0826369959214161,124124.38112562636,0.0,14558.403743840987,14687.282918789198,24.16646031598599,5.017368151587716,0.08951021730235809
2,ec_exact,4,duplicate,0.2960328355261421,9.6809644124585e-16,1.501280137365252,1.0,1.0000000000000009,1.2625468684390308e-15,3.5377259813100848,3.537725981310083,2.6645352591003757e-15
2,ec_exact,4,replacement,0.3929338638341733,4.009169493000419e-16,4.765083142501977,0.5,0.9999999999999998,9.247326726619506e-16,6.426064282224212,6.426064282224212,4.440892098500626e-15
2,naive_sum,4,duplicate,0.36015150911874905,0.09354304506380415,2.123503229911093e+21,0.0,9.847649915390051e+20,1.013991699271401e+21,100.11802702529437,3.537725981310083,2.602790942773936e-07
2,naive_sum,4,replacement,0.41546862279728947,0.027662241188570358,2.327436268465659e+21,0.0,2.7959000481352404e+20,2.8010402977193663e+20,100.58195297732226,6.426064282224212,1.857857938603047e-07
2,mean_pool,4,duplicate,0.19843695616211857,0.3185862533868689,3.0425806284195653,1.0,0.22458553730061456,0.7984278842441221,0.7283659024996325,3.537725981310083,4.484285676120692e-08
2,mean_pool,4,replacement,0.23141452583883704,0.3914505846952918,3.0219556151668545,1.0,0.05934989054598795,0.9423794904228167,0.817033845015332,6.426064282224212,6.795402640591419e-08
2,cov_int,4,duplicate,0.22001690869257373,0.273708802096136,2.9251164890407475,1.0,0.2583402460730669,0.7581821421719537,0.9489365855403118,3.537725981310083,4.9960036108132044e-15
2,cov_int,4,replacement,0.2765313992368552,0.33109509572913254,2.8163374162346777,1.0,0.07108945040193879,0.932491746802718,1.1527111491381576,6.426064282224212,2.6645352591003757e-15
2,inv_cov_int,4,duplicate,0.39991815356422133,0.49693087112692064,2.8364736396001966,1.0,0.3780218449541397,0.6428359455563005,1.599689082015388,3.537725981310083,1.545963357330038e-11
2,inv_cov_int,4,replacement,0.39280133303515036,0.43104304454704007,2.7195322410788716,1.0,0.09472964403577415,0.9099612131570891,1.5996674351476032,6.426064282224212,0.16849775529177657
2,bp_backtrack,4,duplicate,0.38182646841560053,0.14187627774502976,1.1583417105526278e+19,0.0,5.20140805253403e+18,5.3853545115509e+18,89.60924549458855,3.537725981310083,0.23478095669358368
2,bp_backtrack,4,replacement,0.44171223981784474,0.17467317104182034,1.4518201671197876e+19,0.0,1.4767601559153224e+18,1.4857637079049595e+18,90.08096275492144,6.426064282224212,0.20480235809526448
2,bp_cavity,4,duplicate,0.375026746020198,0.1281519292598001,1727988389829338.0,0.0,783741084059817.5,810097385716059.2,72.01527069965891,3.537725981310083,0.19495030878638886
2,bp_cavity,4,replacement,0.4331751349319997,0.1449956977566242,2084334957539096.5,0.0,222516209803912.12,223582794344325.25,72.48457408288745,6.426064282224212,0.17005780989077834
2,bp_trw,4,duplicate,0.3618072822594924,0.0978122123765656,115394.89364966344,0.0,53390.81293067868,54998.42592902936,25.209244569842266,3.537725981310083,0.06537122019095776
2,bp_trw,4,replacement,0.41736137457365463,0.05098758584912941,127952.9392954358,0.0,15158.472758846206,15190.438629849361,25.67377378373058,6.426064282224212,0.057021662521194116
2,ec_exact,8,duplicate,0.296032835526142,8.776277621109636e-16,1.501280137365251,1.0,1.0000000000000009,1.1204036094882083e-15,3.537725981310084,3.537725981310083,2.6645352591003757e-15
2,ec_exact,8,replacement,0.21965587810516254,2.46030122879572e-16,0.20382865541449657,0.75,1.0000000000000004,1.1882654540316586e-15,7.7077590983268625,7.7077590983268625,3.552713678800501e-15
2,naive_sum,8,duplicate,0.3601515091187452,0.0935430450637898,4.247006459822115e+21,0.0,1.9695299830780102e+21,2.0279833985427995e+21,101.50432138641426,3.537725981310083,1.7623965220536775e-07
2,naive_sum,8,replacement,0.22709928146654615,0.010088882923986386,1.2854063261756262e+21,0.0,2.8496105456488592e+20,2.851572391252266e+20,101.90427914576512,7.7077590983268625,3.0244103754739626e-07
2,mean_pool,8,duplicate,0.19843695616211754,0.3185862533868685,3.0425806284195636,1.0,0.22458553730061454,0.7984278842441221,0.7283659024996327,3.537725981310083,2.3211337407680332e-08
2,mean_pool,8,replacement,0.21489276420727174,0.3005628215656231,3.025502795864914,1.0,0.031080425424697695,0.9695866378728942,0.7918783522025838,7.7077590983268625,3.513879343053361e-08
2,cov_int,8,duplicate,0.1665217961116173,0.24074273546681307,2.8226513524066483,1.0,0.2560494228289722,0.7609866656458943,0.9475870051899702,3.537725981310083,2.4424906541753444e-15
2,cov_int,8,replacement,0.16091464455209153,0.1915451288433794,2.7330062272935782,1.0,0.0351864210163046,0.9660116484943364,1.037081313943438,7.7077590983268625,1.7763568394002505e-15
2,inv_cov_int,8,duplicate,0.4896445058591551,0.48283412453113617,3.4613615440080676,1.0,0.3053366601442897,0.7142611044462548,1.2042988348637491,3.537725981310083,3.3140601374270773e-10
2,inv_cov_int,8,replacement,0.16326624740589776,0.32060444291083356,2.2081223226758935,1.0,0.05488346889978331,0.942407614445443,1.620104937522149,7.7077590983268625,3.6887910503935473e-09
2,bp_backtrack,8,duplicate,0.37036121718362536,0.11531501283709022,2.336282485077751e+19,0.0,1.040281610506806e+19,1.072827751876588e+19,91.00904619036345,3.537725981310083,0.23062587424142578
2,bp_backtrack,8,replacement,0.24082029679851824,0.07852802728718569,7.5490650338333e+18,0.0,1.5051293827535288e+18,1.509433458178759e+18,91.39913241014887,7.7077590983268625,0.45862800205156873
2,bp_cavity,8,duplicate,0.3671155796399396,0.10475796102710111,3477114665975517.5,0.0,1567482168119635.0,1615750755438026.5,73.41088241735768,3.537725981310083,0.19184602427542075
2,bp_cavity,8,replacement,0.23641431110388475,0.0648737712023261,1101520751620406.4,0.0,226790846281487.12,227287720098429.0,73.80403639709442,7.7077590983268625,0.381077038403248
2,bp_trw,8,duplicate,0.36091508792611804,0.0938616698756049,230984.0369701356,0.0,106781.47176804394,109963.14037955203,26.59658346898298,3.537725981310083,0.06455777666795015
2,bp_trw,8,replacement,0.22811188842753263,0.02339047728622001,70261.93322173537,0.0,15449.65462833747,15461.91851206388,26.9957757934258,7.7077590983268625,0.1279443974094967
2,ec_exact,16,duplicate,0.2960328355261419,7.539800979129236e-16,1.5012801373652493,1.0,1.0000000000000007,1.0067512645964679e-15,3.537725981310084,3.537725981310083,2.220446049250313e-15
2,ec_exact,16,replacement,0.08492776511116612,2.276328907935595e-16,-4.134508645185797,1.0,1.0,1.0823062705931657e-15,9.093974309482054,9.093974309482054,1.7763568394002505e-15
2,naive_sum,16,duplicate,0.3601515091187451,0.09354304506379002,8.49401291964421e+21,0.0,3.939059966156021e+21,4.055966797085598e+21,102.89061574753416,3.537725981310083,1.831233902294116e-07
2,naive_sum,16,replacement,0.08395633608736264,0.003137515228517718,3.593682121408099e+20,0.0,2.8796952285629658e+20,2.8800220868027865e+20,103.31252736715294,9.093974309482054,1.764869494991217e-07
2,mean_pool,16,duplicate,0.19843695616211718,0.3185862533868683,3.0425806284195627,1.0,0.22458553730061454,0.7984278842441221,0.728365902499633,3.537725981310083,2.272099608457978e-08
2,mean_pool,16,replacement,0.24288338171640605,0.2001245740580076,3.059004039509824,1.0,0.01569766901545407,0.9844140536849777,0.794697950846721,9.093974309482054,3.433501838401298e-08
2,cov_int,16,duplicate,0.22053099109568602,0.3098737303338892,2.872950530267979,1.0,0.27086155496835373,0.7458533197927173,1.0227791002267907,3.537725981310083,3.552713678800501e-15
2,cov_int,16,replacement,0.19209079242516164,0.14600870302805663,2.679958786259158,1.0,0.018665725258038987,0.9814212485476983,1.1316956394916304,9.093974309482054,1.3322676295501878e-15
2,inv_cov_int,16,duplicate,0.4677213562352042,0.3574423654606994,3.2752584033967604,1.0,0.3568868575840052,0.6716986687288711,1.4555105418009933,3.537725981310083,0.05252554120369912
2,inv_cov_int,16,replacement,0.3400470195955397,0.2821324503328737,2.615172935449406,1.0,0.02285366286558377,0.9772568452533056,1.508692976637312,9.093974309482054,9.818710289266619e-10
2,bp_backtrack,16,duplicate,0.3624182366896063,0.1058187135028511,4.554829403992084e+19,0.0,2.080563221013612e+19,2.144847980179342e+19,92.39699461957196,3.537725981310083,0.2665237424893121
2,bp_backtrack,16,replacement,0.13589154116684232,0.11476049909576173,5.539197173514578e+18,0.0,1.521019743734255e+18,1.5225952989234488e+18,92.81613439951107,9.093974309482054,0.350326559355409
2,bp_cavity,16,duplicate,0.3617204032020861,0.10212137915370095,6831433817169418.0,0.0,3134964336239269.5,3230655304192195.0,74.79832241924666,3.537725981310083,0.22183016461902128
2,bp_cavity,16,replacement,0.12116562349986765,0.09540376510758511,666097686309078.9,0.0,229185184240622.88,229357657825571.8,75.21831666096465,9.093974309482054,0.2915241754804043
2,bp_trw,16,duplicate,0.36032892925478804,0.09453140319181681,461042.59217587986,0.0,213562.78944277446,219920.55982975278,27.983005796991904,3.537725981310083,0.07472569530809992
2,bp_trw,16,replacement,0.08820189799873628,0.03216790112479882,22397.40975883785,0.0,15612.75336358491,15614.657793655118,28.40469988266603,9.093974309482054,0.09816302536215815
2,ec_exact,32,duplicate,0.296032835526142,8.988690663827366e-16,1.5012801373652511,1.0,1.0000000000000009,1.134315185099447e-15,3.537725981310084,3.537725981310083,2.220446049250313e-15
2,ec_exact,32,replacement,0.0589993634957104,5.836775462858457e-16,-5.415143093417104,1.0,0.9999999999999998,1.2288625019799154e-15,10.467328393847172,10.467328393847172,3.552713678800501e-15
2,naive_sum,32,duplicate,0.3601515091187441,0.09354304506378597,1.6988025839288362e+22,0.0,7.878119932312041e+21,8.111933594171194e+21,104.27691010865405,3.537725981310083,1.5831574273761362e-07
2,naive_sum,32,replacement,0.059363231124886576,0.0018882791575604908,4.027772874566182e+20,0.0,2.8949215269913012e+20,2.89504779217332e+20,104.69656257878296,10.467328393847172,9.71972866636861e-08
2,mean_pool,32,duplicate,0.19843695616211704,0.3185862533868681,3.0425806284195622,1.0,0.22458553730061454,0.7984278842441221,0.7283659024996327,3.537725981310083,1.707719010646258e-08
2,mean_pool,32,replacement,0.23123246516236406,0.23366845637281916,3.041478119078657,1.0,0.007902869300818708,0.9921404021052004,0.7934284348795272,10.467328393847172,1.1836092328465497e-08
2,cov_int,32,duplicate,0.20079938758950525,0.293065985589579,2.830838383410278,1.0,0.2645766892474165,0.7526361207802397,0.9954970510182468,3.537725981310083,1.3322676295501878e-15
2,cov_int,32,replacement,0.2848928500162633,0.2751309878611985,2.7810917230544225,1.0,0.009757233445700772,0.9903152677240169,1.206655323516234,10.467328393847172,3.774758283725532e-15
2,inv_cov_int,32,duplicate,0.3275329181522397,0.428095978035554,2.6425171963369376,1.0,0.34355728003922414,0.6913753451550395,1.4185335460624704,3.537725981310083,0.08393345813056952
2,inv_cov_int,32,replacement,0.2220491713380257,0.27665393358998114,2.541202801480437,1.0,0.010392256357725446,0.9897105616501152,1.3104719694291227,10.467328393847172,2.6286972598654756e-11
2,bp_backtrack,32,duplicate,0.36197740531539846,0.09726247666091017,9.085658290181523e+19,0.0,4.161126442027223e+19,4.2859685357762494e+19,93.78707884619618,3.537725981310083,0.16366413113567546
2,bp_backtrack,32,replacement,0.07388743132338194,0.04341725486083128,3.257074685247189e+18,0.0,1.529062088043394e+18,1.5302246641047316e+18,94.20783927812039,10.467328393847172,0.06199281438144055
2,bp_cavity,32,duplicate,0.36141745588297003,0.09608886079693214,1.3638142424625348e+16,0.0,6269928672478539.0,6457419536693564.0,76.1872402374369,3.537725981310083,0.13629967569248436
2,bp_cavity,32,replacement,0.06975797979641465,0.03618084597526956,438719207368933.94,0.0,230396993732123.12,230521718127113.7,76.60765996889737,10.467328393847172,0.05164980914884154
2,bp_trw,32,duplicate,0.3602952307712029,0.09382441997335669,921922.5860874795,0.0,427125.4247922355,439811.9109448465,29.369596397115323,3.537725981310083,0.04596972982891501
2,bp_trw,32,replacement,0.06063437968568447,0.012330410346415067,22728.264964818343,0.0,15695.300021073428,15695.87539656193,29.78933555582076,10.467328393847172,0.01743577736810309
2,ec_exact,100,duplicate,0.29603283552614185,7.196467935167725e-16,1.5012801373652496,1.0,1.0000000000000007,9.535002580552932e-16,3.537725981310084,3.537725981310083,2.6645352591003757e-15
2,ec_exact,100,replacement,0.023180541622224486,4.599839466318487e-16,-8.483942706771446,1.0,1.0000000000000007,1.5965899764476834e-15,12.81124346341242,12.81124346341242,5.329070518200751e-15
2,naive_sum,100,duplicate,0.3601515091187435,0.09354304506378466,5.308758074777601e+22,0.0,2.4619124788475134e+22,2.5349792481784986e+22,106.55577867503078,3.537725981310083,7.167794535689609e-08
2,naive_sum,100,replacement,0.023412455154998194,0.0005869783793340927,1.9315944498870354e+20,0.0,2.9055759664615784e+20,2.9055791278594825e+20,107.04790828269722,12.81124346341242,3.396930026156042e-08
2,mean_pool,100,duplicate,0.19843695616211698,0.3185862533868681,3.0425806284195627,1.0,0.22458553730061456,0.7984278842441221,0.728365902499633,3.537725981310083,1.1619403217366653e-08
2,mean_pool,100,replacement,0.22602542771072956,0.23406699111793114,3.0130067636012097,1.0,0.002483656757114765,0.9975174285857271,0.8157800180000407,12.81124346341242,4.902817041241292e-09
2,cov_int,100,duplicate,0.184453490156131,0.26062543607665156,2.8161967289717253,1.0,0.260742746495116,0.7556620338218065,0.9749853841403222,3.537725981310083,1.6653345369377348e-15
2,cov_int,100,replacement,0.21291314291846392,0.2334805278560078,2.582449316609865,1.0,0.0031289399187873893,0.9968709190762814,1.2635690916901599,12.81124346341242,1.5543122344752192e-15
2,inv_cov_int,100,duplicate,0.33531624175997776,0.20489893799305375,2.4018540462454117,1.0,0.4878288310339759,0.6091383294423693,1.7907145874267492,3.537725981310083,6.797064244778994e-09
2,inv_cov_int,100,replacement,0.2671770974433205,0.268214537577637,2.4048580440836225,1.0,0.003609795156360078,0.9963941266472454,1.5325186153493497,12.81124346341242,1.0953453699613647e-09
2,bp_backtrack,100,duplicate,0.36071217331823496,0.09515415306197035,2.8078228506846354e+20,0.0,1.3003520131335075e+20,1.3391240869087235e+20,96.06830425581026,3.537725981310083,0.052034245158793624
2,bp_backtrack,100,replacement,0.028350585737909675,0.017188585714754942,1.5659363539758828e+18,0.0,1.5346896324557235e+18,1.5351898045274327e+18,96.56025648387126,12.81124346341242,0.02248528141223005
2,bp_cavity,100,duplicate,0.36054084007502163,0.09466289672968174,4.229038465656233e+16,0.0,1.959352710149544e+16,2.0176914796978748e+16,78.46774297409948,3.537725981310083,0.043355476477685784
2,bp_cavity,100,replacement,0.026861697496368228,0.01432215500625407,210821762033047.3,0.0,231244944462726.8,231297360534373.8,78.95974947190717,12.81124346341242,0.01872895379277395
2,bp_trw,100,duplicate,0.3601958451702735,0.09367088646249375,2878511.1523320205,0.0,1334766.6250274451,1374394.5102766112,31.648650045314454,3.537725981310083,0.01463798836202912
2,bp_trw,100,replacement,0.02380488006242177,0.004843978676942256,10887.32643970805,0.0,15753.06116176199,15752.483542568356,32.14076552663458,12.81124346341242,0.006319562224220476
3,ec_exact,1,duplicate,0.24054320348966152,7.654981361360293e-16,0.6924167376522742,1.0,0.9999999999999996,7.999859629809322e-16,3.846597214083693,3.846597214083695,4.440892098500626e-15
3,ec_exact,1,replacement,0.24054320348966152,7.654981361360293e-16,0.6924167376522742,1.0,0.9999999999999996,7.999859629809322e-16,3.846597214083693,3.846597214083695,4.440892098500626e-15
3,naive_sum,1,duplicate,0.2362801693445743,0.1126470625097318,2.705325442819154e+20,0.0,2.5357508736672144e+20,2.6082454265579785e+20,97.7069866728763,3.846597214083695,7.461165978384088e-07
3,naive_sum,1,replacement,0.2362801693445743,0.1126470625097318,2.705325442819154e+20,0.0,2.5357508736672144e+20,2.6082454265579785e+20,97.7069866728763,3.846597214083695,7.461165978384088e-07
3,mean_pool,1,duplicate,0.47714756180688755,0.4003774845263547,3.4660505461249653,1.0,0.20132908129836513,0.821504112513922,0.8562401850205035,3.846597214083695,9.357123675890477e-08
3,mean_pool,1,replacement,0.47714756180688755,0.4003774845263547,3.4660505461249653,1.0,0.20132908129836513,0.821504112513922,0.8562401850205035,3.846597214083695,9.357123675890477e-08
3,cov_int,1,duplicate,0.37318690928788717,0.31787520016370807,3.13363302098477,1.0,0.21563030068662156,0.8093760312720832,0.9771353759740543,3.846597214083695,2.6645352591003757e-15
3,cov_int,1,replacement,0.37318690928788717,0.31787520016370807,3.13363302098477,1.0,0.21563030068662156,0.8093760312720832,0.9771353759740543,3.846597214083695,2.6645352591003757e-15
3,inv_cov_int,1,duplicate,0.3717595786584431,0.3574982738279757,2.9045256492626197,1.0,0.2659221144448667,0.7766030166664756,1.3022085643527883,3.846597214083695,4.1061865019287325e-10
3,inv_cov_int,1,replacement,0.3717595786584431,0.3574982738279757,2.9045256492626197,1.0,0.2659221144448667,0.7766030166664756,1.3022085643527883,3.846597214083695,4.1061865019287325e-10
3,bp_backtrack,1,duplicate,0.4376846471142183,0.39382571066768074,2.548475565167578e+18,0.0,1.3393525487639585e+18,1.3942102159527055e+18,87.16292197392679,3.846597214083695,0.6213570570749027
3,bp_backtrack,1,replacement,0.4376846471142183,0.39382571066768074,2.548475565167578e+18,0.0,1.3393525487639585e+18,1.3942102159527055e+18,87.16292197392679,3.846597214083695,0.6213570570749027
3,bp_cavity,1,duplicate,0.38450329725473925,0.33024924897039964,331608313455594.75,0.0,201811818627678.75,209311378458531.4,69.58042672444157,3.846597214083695,0.5110395491319935
3,bp_cavity,1,replacement,0.38450329725473925,0.33024924897039964,331608313455594.75,0.0,201811818627678.75,209311378458531.4,69.58042672444157,3.846597214083695,0.5110395491319935
3,bp_trw,1,duplicate,0.2557949277068788,0.14773476629169352,15538.999599181861,0.0,13748.12047251701,14153.51740293309,22.795655261959418,3.846597214083695,0.16833440696312962
3,bp_trw,1,replacement,0.2557949277068788,0.14773476629169352,15538.999599181861,0.0,13748.12047251701,14153.51740293309,22.795655261959418,3.846597214083695,0.16833440696312962
3,ec_exact,2,duplicate,0.24054320348966157,7.961466930239661e-16,0.6924167376522747,1.0,0.9999999999999998,7.572470504194448e-16,3.846597214083694,3.846597214083695,3.9968028886505635e-15
3,ec_exact,2,replacement,0.13934696019424872,4.482239423708007e-16,-0.7786428905213079,1.0,1.0000000000000004,7.629898575344876e-16,4.872449147793606,4.872449147793607,3.552713678800501e-15
3,naive_sum,2,duplicate,0.23628016934455826,0.11264706250969336,5.4106508856379317e+20,0.0,5.071501747334428e+20,5.216490853115945e+20,99.09328103399619,3.846597214083695,3.885072032971948e-07
3,naive_sum,2,replacement,0.13268249905095203,0.06561725950810228,1.0807398088721233e+20,0.0,2.677232601191217e+20,2.712714748698276e+20,98.9090308844496,4.872449147793607,4.880994453060339e-07
3,mean_pool,2,duplicate,0.4771475618068871,0.4003774845263536,3.466050546124963,1.0,0.20132908129836516,0.821504112513922,0.8562401850205045,3.846597214083695,4.31386779631282e-08
3,mean_pool,2,replacement,0.5003846553957343,0.44411169974816156,3.627369723080043,1.0,0.1184386376142348,0.8932449532260875,0.7613222175176446,4.872449147793607,8.744153034978552e-08
3,cov_int,2,duplicate,0.4777179603663596,0.4358062100975939,3.182768570864448,1.0,0.24486516035403388,0.7797527992379001,1.1779403944380127,3.846597214083695,2.220446049250313e-15
3,cov_int,2,replacement,0.4586334590435911,0.3862973861670608,3.2617362617927466,1.0,0.13934956676200133,0.8719425791197519,1.0560659456724704,4.872449147793607,1.7763568394002505e-15
3,inv_cov_int,2,duplicate,0.35510245737406776,0.21023449453259785,2.5040319053613356,1.0,0.3234499377878482,0.72195288719507,1.6229533348863714,3.846597214083695,0.10352746755458586
3,inv_cov_int,2,replacement,0.6230797861569592,0.5859251144767699,3.6796014391676026,1.0,0.14491916777198083,0.8702461042608138,1.1179079235459843,4.872449147793607,2.95211632916903e-10
3,bp_backtrack,2,duplicate,0.2815915059603621,0.2284022115723423,3.4209922223186734e+18,0.0,2.6787050975279176e+18,2.8136990662839286e+18,88.51964608296338,3.846597214083695,0.3559054598436262
3,bp_backtrack,2,replacement,0.18961946931600115,0.1791327453718792,1.6719876501891953e+18,0.0,1.4140814641044296e+18,1.435674038648474e+18,88.3991344197299,4.872449147793607,0.5300180126026106
3,bp_cavity,2,duplicate,0.26704965649418255,0.19547400439211354,487736395764340.4,0.0,403623637255357.3,421291524790862.56,70.94722652855907,3.846597214083695,0.28630678641494
3,bp_cavity,2,replacement,0.16823250405349122,0.1510719273993107,199997787496495.25,0.0,213071869853811.88,216192275359056.62,70.80552729329038,4.872449147793607,0.4401213869064833
3,bp_trw,2,duplicate,0.23970057574877013,0.1235210081117745,29733.337833366946,0.0,27496.112222399875,28329.036960504192,24.179911499813965,3.846597214083695,0.09065771557658664
3,bp_trw,2,replacement,0.13481460627619676,0.07796268801527426,6706.005544232442,0.125,14515.1383894307,14708.773093160604,24.000174944721163,4.872449147793607,0.1475940167954377
3,ec_exact,4,duplicate,0.24054320348966143,7.398620482306139e-16,0.6924167376522739,1.0,0.9999999999999998,7.464978220368527e-16,3.846597214083694,3.846597214083695,3.1086244689504383e-15
3,ec_exact,4,replacement,0.06763552054553142,5.52270869097981e-16,-2.4440493014108258,1.0,0.9999999999999999,7.634260168965836e-16,6.326201979375463,6.326201979375463,3.552713678800501e-15
3,naive_sum,4,duplicate,0.236280169344555,0.11264706250968695,1.0821301771275715e+21,0.0,1.0143003494668855e+21,1.0432981706231868e+21,100.47957539511609,3.846597214083695,2.6407595044020127e-07
3,naive_sum,4,replacement,0.04271015799043079,0.03055951584989021,2.3386168110307148e+19,0.0,2.7891283991658807e+20,2.7927251763183413e+20,100.4783432673621,6.326201979375463,2.723492684708617e-07
3,mean_pool,4,duplicate,0.47714756180688656,0.40037748452635274,3.4660505461249613,1.0,0.20132908129836513,0.821504112513922,0.8562401850205053,3.846597214083695,2.3975542440268782e-08
3,mean_pool,4,replacement,0.5026953970764432,0.4415978528863999,3.630014935372758,1.0,0.06162813806362041,0.9395819584219075,0.7796147191615463,6.326201979375463,6.29297598475631e-08
3,cov_int,4,duplicate,0.4294456439826606,0.3649194303234031,3.201499479956259,1.0,0.22489909058918878,0.798027355373486,1.0487665318706747,3.846597214083695,2.220446049250313e-15
3,cov_int,4,replacement,0.4769410849558069,0.42008084382437194,3.373275276064752,1.0,0.06909989710157136,0.9321051159658955,0.9891494122055444,6.326201979375463,2.6645352591003757e-15
3,inv_cov_int,4,duplicate,0.37812301962018535,0.29956037650199563,2.7864649976548668,1.0,0.2706714390096675,0.7481855777298394,1.3050139995610237,3.846597214083695,7.645484245699663e-11
3,inv_cov_int,4,replacement,0.6524129827347296,0.5986401688180674,3.8239051881580624,1.0,0.07957255646277839,0.9191382047948019,1.1535146863316423,6.326201979375463,9.692047164833184e-11
3,bp_backtrack,4,duplicate,0.25255930996265996,0.15391508229584938,6.10234296218854e+18,0.0,5.357410195055835e+18,5.559761573320577e+18,89.95350361475226,3.846597214083695,0.3229397578962647
3,bp_backtrack,4,replacement,0.10064238003344739,0.10066842402773749,6.80456687501587e+17,0.0,1.4731834538817623e+18,1.497832954878531e+18,89.94404205456729,6.326201979375463,0.5602489319143871
3,bp_cavity,4,duplicate,0.24764292138089017,0.14194324019963775,901479295368377.8,0.0,807247274510714.5,835476736920561.6,72.36527909383702,3.846597214083695,0.26457243067589786
3,bp_cavity,4,replacement,0.08567285609423259,0.08440693616384831,76126158981516.7,0.0,221977277210885.53,224637114274583.97,72.35819284081262,6.326201979375463,0.46259838565411826
3,bp_trw,4,duplicate,0.23758976312918006,0.11615092814194454,58956.92123211935,0.0,54992.09572216562,56603.31060259514,25.569573517875032,3.846597214083695,0.08649463473659225
3,bp_trw,4,replacement,0.048443910849781724,0.039727806925289,1681.8434246101997,0.125,15121.761473385915,15158.58648690231,25.5676460695825,6.326201979375463,0.15344652379617685
3,ec_exact,8,duplicate,0.24054320348966157,7.886872655976482e-16,0.692416737652275,1.0,1.0,8.087748162761301e-16,3.846597214083695,3.846597214083695,4.884981308350689e-15
3,ec_exact,8,replacement,0.08277555372946489,5.42438131488667e-16,-3.3119187303561177,1.0,1.0000000000000004,9.89316953660826e-16,7.488025025149055,7.488025025149055,2.6645352591003757e-15
3,naive_sum,8,duplicate,0.23628016934455218,0.1126470625096844,2.16426035425512e+21,0.0,2.0286006989337715e+21,2.086596341246374e+21,101.86586975623598,3.846597214083695,2.7605081243109453e-07
3,naive_sum,8,replacement,0.08536204068225592,0.018950932704473327,1.500376241817826e+20,0.0,2.842228986431965e+20,2.8435871373661035e+20,101.67959272656617,7.488025025149055,1.8215330044313305e-07
3,mean_pool,8,duplicate,0.4771475618068868,0.400377484526353,3.4660505461249613,1.0,0.2013290812983652,0.821504112513922,0.8562401850205054,3.846597214083695,2.5459099051161616e-08
3,mean_pool,8,replacement,0.5121986412638737,0.5064392237703292,3.687426981495187,1.0,0.033590290229575714,0.9668715058664978,0.7195626290060164,7.488025025149055,3.540797055556766e-08
3,cov_int,8,duplicate,0.4775826920881644,0.4367405791829266,3.175663985608698,1.0,0.24593079251959915,0.7786125735609571,1.1837616536351534,3.846597214083695,4.440892098500626e-16
3,cov_int,8,replacement,0.4198728788597824,0.408440020359334,3.238648090170702,1.0,0.03818292719703282,0.9622025874301063,0.9661103182275119,7.488025025149055,3.3306690738754696e-15
3,inv_cov_int,8,duplicate,0.5382558869718597,0.41021100170372404,3.1823799317288666,1.0,0.2649660578708267,0.7625454537729385,1.3598157249147471,3.846597214083695,1.7614087965966974e-10
3,inv_cov_int,8,replacement,0.3399997081828618,0.35867440523424093,2.868307094877567,1.0,0.045862814044702424,0.9555651817951389,1.306500738009957,7.488025025149055,0.037636148092852206
3,bp_backtrack,8,duplicate,0.2430032995060738,0.11246462326853626,1.1781086291446798e+19,0.0,1.0714820390111668e+19,1.1083811362930393e+19,91.35860740136172,3.846597214083695,0.24057089180469404
3,bp_backtrack,8,replacement,0.10458947528077306,0.07724589703496487,1.4299855286128105e+18,0.0,1.5012305335985638e+18,1.5120338333452564e+18,91.17416089792484,7.488025025149055,0.2780625297638295
3,bp_cavity,8,duplicate,0.2408516726355079,0.11223487522953804,1758927277574198.8,0.0,1614494549021429.0,1667207997485351.0,73.76416529931757,3.846597214083695,0.1994102012181287
3,bp_cavity,8,replacement,0.09773229009643301,0.06483933249673564,185872251752832.56,0.0,226203372998784.6,227366393364872.1,73.57916893096959,7.488025025149055,0.23062879937455705
3,bp_trw,8,duplicate,0.23677967324896415,0.11254905406549695,117596.7300789089,0.0,109984.06272169706,113178.2878922876,26.957202077347965,3.846597214083695,0.06663452248706392
3,bp_trw,8,replacement,0.08649421830448747,0.027811656099194004,8623.93040323909,0.0,15409.636823401102,15424.187207526535,26.771072708994602,7.488025025149055,0.07716224915132841
3,ec_exact,16,duplicate,0.2405432034896615,8.013842496025077e-16,0.6924167376522743,1.0,0.9999999999999998,8.095723894381256e-16,3.846597214083694,3.846597214083695,3.552713678800501e-15
3,ec_exact,16,replacement,0.0708165497529105,4.566827708714107e-16,-4.355938874339333,1.0,1.0000000000000004,1.205242749297949e-15,9.027841310179635,9.027841310179634,3.552713678800501e-15
3,naive_sum,16,duplicate,0.2362801693445509,0.1126470625096829,4.32852070851022e+21,0.0,4.0572013978675414e+21,4.1731926824927426e+21,103.25216411735587,3.846597214083695,4.28499902227486e-08
3,naive_sum,16,replacement,0.07318329856616543,0.008924391183515344,3.031664412822556e+20,0.0,2.8786736547659163e+20,2.8790144389008058e+20,103.24565699142863,9.027841310179634,2.0413854429079947e-07
3,mean_pool,16,duplicate,0.47714756180688644,0.4003774845263527,3.4660505461249604,1.0,0.20132908129836513,0.821504112513922,0.8562401850205055,3.846597214083695,2.7768618848789117e-08
3,mean_pool,16,replacement,0.49792037370651765,0.5077448256083075,3.6107772998765895,1.0,0.01604685092183642,0.9840696317583462,0.7732255953901859,9.027841310179634,2.617944350191692e-08
3,cov_int,16,duplicate,0.40441225110416373,0.33717033557059506,3.0692288527072513,1.0,0.23225840122231858,0.7917366388463838,1.09702279322441,3.846597214083695,4.04121180963557e-14
3,cov_int,16,replacement,0.48030806758915623,0.48701647912155366,3.3798556630385503,1.0,0.01916896094600929,0.9810403253437163,1.1267408116536555,9.027841310179634,9.325873406851315e-15
3,inv_cov_int,16,duplicate,0.3964506546278603,0.3499163103386268,2.757617413794512,1.0,0.2973259915572779,0.7506880484627524,1.4893489416559715,3.846597214083695,3.0452973476258194e-10
3,inv_cov_int,16,replacement,0.3801732188647936,0.3977195220744973,3.0954393622078906,1.0,0.02278644138990543,0.9772053143340382,1.3700069777522248,9.027841310179634,1.3209433546990113e-11
3,bp_backtrack,16,duplicate,0.2430487661405547,0.12515002073421955,2.3379741443008946e+19,0.0,2.1429640780223332e+19,2.20718807181689e+19,92.76167618297278,3.846597214083695,0.0836458058691818
3,bp_backtrack,16,replacement,0.0765069760429854,0.03327720880532627,1.8863244030128517e+18,0.0,1.5204801609688353e+18,1.5257932134842486e+18,92.75162897881603,9.027841310179634,0.06607102917976704
3,bp_cavity,16,duplicate,0.24099021856004413,0.12143486048904364,3498941864888329.5,0.0,3228989098042858.0,3324399040295601.0,75.16203813677225,3.846597214083695,0.06965192217059268
3,bp_cavity,16,replacement,0.0754052452830099,0.02801917555051451,271071252290277.56,0.0,229103880644127.56,229668320622702.12,75.1530838678232,9.027841310179634,0.05480329154063668
3,bp_trw,16,duplicate,0.2368194203767768,0.11367459489407572,235071.30586383745,0.0,219967.99672076,226279.6874689705,28.344799114008136,3.846597214083695,0.02348693475083863
3,bp_trw,16,replacement,0.0734166163432622,0.012246465910887436,16642.8217638545,0.0,15607.215083698882,15612.23962884318,28.338015201171885,9.027841310179634,0.018339512349186293
3,ec_exact,32,duplicate,0.24054320348966146,7.429110183659254e-16,0.6924167376522739,1.0,0.9999999999999998,7.671656689022348e-16,3.846597214083694,3.846597214083695,1.7763568394002505e-15
3,ec_exact,32,replacement,0.024225868482769357,8.0651617710133e-16,-6.53007266976679,1.0,1.0000000000000009,1.2059118884996561e-15,10.422803712084754,10.42280371208475,3.552713678800501e-15
3,naive_sum,32,duplicate,0.2362801693445497,0.11264706250968057,8.657041417020396e+21,0.0,8.114402795735086e+21,8.346385364985487e+21,104.63845847847577,3.846597214083695,1.0550992612934351e-07
3,naive_sum,32,replacement,0.02113341437284094,0.004029229516726411,4.838692310234441e+19,0.0,2.8945378935968373e+20,2.8945930836920195e+20,104.65181901369854,10.42280371208475,1.617338227788423e-07
3,mean_pool,32,duplicate,0.47714756180688644,0.40037748452635263,3.4660505461249604,1.0,0.20132908129836513,0.821504112513922,0.8562401850205055,3.846597214083695,1.3587469482878589e-08
3,mean_pool,32,replacement,0.49889900625867467,0.4790284110038886,3.620520340915908,1.0,0.00803434146209928,0.9919845723269491,0.7779241604323455,10.42280371208475,2.4576653712138352e-08
3,cov_int,32,duplicate,0.4140755840031882,0.34762115530757487,3.077406680292535,1.0,0.23197771486759278,0.7910068475304473,1.0933977039844192,3.846597214083695,3.9968028886505635e-15
3,cov_int,32,replacement,0.39848483741603546,0.37804037169438787,3.0409773011781427,1.0,0.009756292282740109,0.9902612834178277,1.1530488152847003,10.42280371208475,1.2434497875801753e-14
3,inv_cov_int,32,duplicate,0.3908203175712217,0.2879787698690718,2.6512719081092344,1.0,0.34734835740324743,0.6843050582767707,1.7166206163754147,3.846597214083695,0.18471497611937693
3,inv_cov_int,32,replacement,0.5437470419668611,0.5215082096125236,3.398698300385622,1.0,0.01198833351049868,0.9878991331272066,1.350852302946261,10.42280371208475,1.774169700041739e-10
3,bp_backtrack,32,duplicate,0.238873650047223,0.12004531856017736,4.672037683652239e+19,0.0,4.285928156044668e+19,4.415050905351284e+19,94.1472540177863,3.846597214083695,0.08371059130467984
3,bp_backtrack,32,replacement,0.05258321632557171,0.04946227846457462,1.5813959949639089e+18,0.0,1.528859457583911e+18,1.5305293317499948e+18,94.16195235305443,10.42280371208475,0.09807304260780825
3,bp_cavity,32,duplicate,0.23806759496734897,0.11777318405437595,6993746786310909.0,0.0,6457978196085716.0,6649504493013929.0,76.54783561948221,3.846597214083695,0.06970308314222962
3,bp_cavity,32,replacement,0.045276923353267454,0.0412100042267947,177081719036361.97,0.0,230366461650353.1,230542543015804.94,76.5621248232423,10.42280371208475,0.08163799541212313
3,bp_trw,32,duplicate,0.23648082888618435,0.11322825129465758,470133.29932448594,0.0,439935.8647188859,452565.76358794124,29.731036123606433,3.846597214083695,0.023502543587930802
3,bp_trw,32,replacement,0.025041543410113432,0.014377093154740764,3671.228904230963,0.0,15693.220221142863,15693.85319311756,29.744502299990426,10.42280371208475,0.027510899363651475
3,ec_exact,100,duplicate,0.24054320348966146,7.845126217746189e-16,0.6924167376522742,1.0,0.9999999999999998,7.8969560614592e-16,3.846597214083694,3.846597214083695,3.552713678800501e-15
3,ec_exact,100,replacement,0.016926771819228692,1.4088799230840471e-15,-8.776232610757962,1.0,1.0000000000000002,1.401048914278416e-15,12.776126144843047,12.776126144843046,5.329070518200751e-15
3,naive_sum,100,duplicate,0.2362801693445498,0.11264706250968054,2.7053254428188744e+22,0.0,2.5357508736672132e+22,2.6082454265579633e+22,106.9173270448525,3.846597214083695,2.691356826289848e-08
3,naive_sum,100,replacement,0.01763176016492611,0.0012875220988127819,1.0150527379695985e+20,0.0,2.9055014438329215e+20,2.905525750470828e+20,107.01272495745494,12.776126144843046,4.3794685211651085e-08
3,mean_pool,100,duplicate,0.47714756180688633,0.4003774845263526,3.4660505461249604,1.0,0.20132908129836513,0.821504112513922,0.8562401850205057,3.846597214083695,9.23511001005295e-09
3,mean_pool,100,replacement,0.48413610718485467,0.49222318155771694,3.5609751693549905,1.0,0.0025092411991961294,0.997499103538247,0.8050321610016092,12.776126144843046,5.865132046700694e-09
3,cov_int,100,duplicate,0.45974700778749916,0.39805284714585004,3.2215274896620776,1.0,0.23082046886830432,0.7933315890534298,1.0905156777356089,3.846597214083695,1.5543122344752192e-15
3,cov_int,100,replacement,0.4755873866276902,0.48496762635275803,3.1749105960234947,1.0,0.0031092829062966208,0.9968956183261067,1.2165007957723861,12.776126144843046,3.9968028886505635e-15
3,inv_cov_int,100,duplicate,0.5901856181521319,0.4291415636974555,3.2504512476381766,1.0,0.35296717930823446,0.6776259882460461,1.7162095872719971,3.846597214083695,0.115638120640017
3,inv_cov_int,100,replacement,0.4721764933564814,0.4834278019543483,3.0408593597068903,1.0,0.003793588206191044,0.9962136485753772,1.5171261523591113,12.776126144843046,0.15579502901118047
3,bp_backtrack,100,duplicate,0.23656445112154117,0.1151238389660216,1.439537796818364e+20,0.0,1.3393525487639583e+20,1.3778522196309098e+20,96.4298391958144,3.846597214083695,0.030310527530161835
3,bp_backtrack,100,replacement,0.0545190714099177,0.0522283397360085,5.568616917052598e+18,0.0,1.5346502705161626e+18,1.5351439332267126e+18,96.52513241354407,12.776126144843046,0.02647649161872323
3,bp_cavity,100,duplicate,0.2364765530022631,0.1143699213973267,2.164184559155648e+16,0.0,2.0181181862767856e+16,2.0760327742362976e+16,78.82928199018849,3.846597214083695,0.025255421149793733
3,bp_cavity,100,replacement,0.04636585602419066,0.043512875821153395,607237013905213.8,0.0,231239013459261.8,231291262320490.3,78.92460721794546,12.776126144843046,0.022061841026001616
3,bp_trw,100,duplicate,0.23630231156257503,0.11284407998638377,1467570.6003351798,0.0,1374799.3037109207,1414119.379206241,32.01019730197309,3.846597214083695,0.008526857115683129
3,bp_trw,100,replacement,0.022576250772862592,0.014725740975739091,9561.855975031998,0.0,15752.657150640587,15752.179790681037,32.10558687067787,12.776126144843046,0.0074501393329668986
4,ec_exact,1,duplicate,0.3275171489723335,8.680882577346432e-16,1.034106316121347,1.0,1.0,1.6147400251754534e-15,4.055391087951126,4.055391087951127,3.552713678800501e-15
4,ec_exact,1,replacement,0.3275171489723335,8.680882577346432e-16,1.034106316121347,1.0,1.0,1.6147400251754534e-15,4.055391087951126,4.055391087951127,3.552713678800501e-15
4,naive_sum,1,duplicate,0.2911846073082379,0.17302478659945755,2.82725165422158e+20,0.0,2.5447150406711496e+20,2.5788874204131793e+20,97.99724315613423,4.055391087951127,8.019429174055404e-07
4,naive_sum,1,replacement,0.2911846073082379,0.17302478659945755,2.82725165422158e+20,0.0,2.5447150406711496e+20,2.5788874204131793e+20,97.99724315613423,4.055391087951127,8.019429174055404e-07
4,mean_pool,1,duplicate,0.8693664203792403,0.6825285879324579,5.2112131038700795,1.0,0.19850568899639418,0.8122573895876252,0.8983017527365658,4.055391087951127,6.59233980737639e-08
4,mean_pool,1,replacement,0.8693664203792403,0.6825285879324579,5.2112131038700795,1.0,0.19850568899639418,0.8122573895876252,0.8983017527365658,4.055391087951127,6.59233980737639e-08
4,cov_int,1,duplicate,0.721788169509721,0.5285993984742976,4.411592134433548,1.0,0.21840486149291016,0.7953100375213696,1.0735193191253314,4.055391087951127,3.774758283725532e-15
4,cov_int,1,replacement,0.721788169509721,0.5285993984742976,4.411592134433548,1.0,0.21840486149291016,0.7953100375213696,1.0735193191253314,4.055391087951127,3.774758283725532e-15
4,inv_cov_int,1,duplicate,0.7177813204082184,0.6271722366175356,4.843305050748503,1.0,0.2644438123992827,0.7511787283028886,1.3862597355654773,4.055391087951127,2.5789770319306626e-10
4,inv_cov_int,1,replacement,0.7177813204082184,0.6271722366175356,4.843305050748503,1.0,0.2644438123992827,0.7511787283028886,1.3862597355654773,4.055391087951127,2.5789770319306626e-10
4,bp_backtrack,1,duplicate,0.3519084450751052,0.23499787534267202,2.522597378013007e+18,0.0,1.3440873119652442e+18,1.3783753999480632e+18,87.42592502505676,4.055391087951127,0.9020721373881031
4,bp_backtrack,1,replacement,0.3519084450751052,0.23499787534267202,2.522597378013007e+18,0.0,1.3440873119652442e+18,1.3783753999480632e+18,87.42592502505676,4.055391087951127,0.9020721373881031
4,bp_cavity,1,duplicate,0.33347833506549873,0.2108045357534742,331361110152325.8,0.0,202525246300851.62,206925516637950.44,69.85290103102619,4.055391087951127,0.7384119840130978
4,bp_cavity,1,replacement,0.33347833506549873,0.2108045357534742,331361110152325.8,0.0,202525246300851.62,206925516637950.44,69.85290103102619,4.055391087951127,0.7384119840130978
4,bp_trw,1,duplicate,0.29607045656054626,0.1751067564234145,16115.158411732478,0.0,13796.718102914609,13993.744132031381,23.08409306059255,4.055391087951127,0.24141319999163002
4,bp_trw,1,replacement,0.29607045656054626,0.1751067564234145,16115.158411732478,0.0,13796.718102914609,13993.744132031381,23.08409306059255,4.055391087951127,0.24141319999163002
4,ec_exact,2,duplicate,0.3275171489723335,7.648155293760632e-16,1.0341063161213466,1.0,1.0,1.5367659376938818e-15,4.055391087951126,4.055391087951127,2.6645352591003757e-15
4,ec_exact,2,replacement,0.13409376696767106,8.920094722997198e-16,-1.01018744248236,1.0,1.0000000000000004,1.0787506052134355e-15,5.293954484951376,5.293954484951376,2.6645352591003757e-15
4,naive_sum,2,duplicate,0.2911846073082337,0.1730247865994557,5.654503308442808e+20,0.0,5.0894300813423005e+20,5.1577748408263495e+20,99.38353751725413,4.055391087951127,6.095451539067653e-07
4,naive_sum,2,replacement,0.10709340501486217,0.0979911904529378,9.921032421460266e+19,0.0,2.707693745829846e+20,2.7145062778362318e+20,99.3839487278973,5.293954484951376,1.1217993289847072e-07
4,mean_pool,2,duplicate,0.86936642037924,0.6825285879324571,5.211213103870074,1.0,0.1985056889963942,0.8122573895876253,0.8983017527365662,4.055391087951127,1.1089885043613634e-07
4,mean_pool,2,replacement,0.8917078198159334,0.7972401742921842,5.308505492208466,1.0,0.10840836674590992,0.8938348694204824,0.8800404161459447,5.293954484951376,1.2678719307768205e-07
4,cov_int,2,duplicate,0.5887293668573272,0.4355907667885792,4.014807755485432,1.0,0.23322024276285305,0.7772288497632025,1.1917497747825643,4.055391087951127,3.3306690738754696e-15
4,cov_int,2,replacement,0.6416226192342211,0.5770683742656304,4.042294828338282,1.0,0.1457653509502082,0.8598388106394068,1.4378085493992483,5.293954484951376,4.440892098500626e-16
4,inv_cov_int,2,duplicate,0.6557478113784382,0.4067965801585747,3.801880808841454,1.0,0.2625809504235163,0.7473428123054457,1.359261362278708,4.055391087951127,3.7427372312492935e-10
4,inv_cov_int,2,replacement,0.6972161028072283,0.6198442188774711,4.457585255828309,1.0,0.15774662768392694,0.8487011588155959,1.5067998902909525,5.293954484951376,0.1433146838363244
4,bp_backtrack,2,duplicate,0.3695007669241144,0.2513718142161091,4.801651495563532e+18,0.0,2.688174623930488e+18,2.7719320713925407e+18,88.83340219245869,4.055391087951127,0.6703787836124775
4,bp_backtrack,2,replacement,0.22564995384970726,0.22442931177407807,2.2404463525584338e+18,0.0,1.430170667556428e+18,1.4499711943560883e+18,88.87398208957808,5.293954484951376,0.02722646074818158
4,bp_cavity,2,duplicate,0.3458097399518685,0.22047342555400745,638208125664917.6,0.0,405050492601703.1,415467441624346.1,71.25314369679666,4.055391087951127,0.5497591004991165
4,bp_cavity,2,replacement,0.1946060511253366,0.1940236099802916,258041889574297.75,0.0,215496169125810.84,217735655459798.88,71.2803944360759,5.293954484951376,0.02188379413026098
4,bp_trw,2,duplicate,0.29754457913138477,0.17530579110888275,32073.59482046678,0.0,27593.31056325941,28001.351555504647,24.471824871864467,4.055391087951127,0.18020154010397604
4,bp_trw,2,replacement,0.11765974704392602,0.11275046809831901,6741.21734334183,0.0,14680.278044680977,14729.425626957804,24.475082728101448,5.293954484951376,0.006874241234825718
4,ec_exact,4,duplicate,0.3275171489723335,4.97592359841198e-16,1.0341063161213473,1.0,0.9999999999999998,1.2851566238350059e-15,4.055391087951126,4.055391087951127,2.6645352591003757e-15
4,ec_exact,4,replacement,0.2475221597391602,9.443007221870349e-16,0.6591315795890249,1.0,1.0,7.250583275638274e-16,6.576372433004723,6.576372433004724,2.6645352591003757e-15
4,naive_sum,4,duplicate,0.2911846073082268,0.17302478659945175,1.1309006616885207e+21,0.0,1.0178860162684598e+21,1.0315549681652675e+21,100.76983187837405,4.055391087951127,3.606090928087724e-07
4,naive_sum,4,replacement,0.2416419182965716,0.05082318734998196,9.073805783378845e+20,0.0,2.8028998497549307e+20,2.8051005994078526e+20,100.73940638998883,6.576372433004724,3.9608006829894293e-07
4,mean_pool,4,duplicate,0.8693664203792377,0.6825285879324546,5.2112131038700635,1.0,0.1985056889963943,0.8122573895876251,0.8983017527365682,4.055391087951127,7.775972166168543e-08
4,mean_pool,4,replacement,0.9272025997990854,0.8210574069028409,5.522748272690318,1.0,0.05699488355490863,0.9437455346883253,0.865065707423994,6.576372433004724,5.161356642080506e-08
4,cov_int,4,duplicate,0.6274596934939511,0.4526587255382488,4.045625913913051,1.0,0.23760918401060377,0.7702510559984821,1.2126377000855404,4.055391087951127,1.7763568394002505e-15
4,cov_int,4,replacement,0.7465620848587906,0.6603960316311339,4.6930549083250614,1.0,0.06964086189702892,0.931703037636292,1.2411959119305656,6.576372433004724,3.3306690738754696e-15
4,inv_cov_int,4,duplicate,0.5506771156346391,0.361420115061738,3.9670647086403346,1.0,0.2943075406723199,0.71952816906011,1.6032697089581682,4.055391087951127,0.03911612272147469
4,inv_cov_int,4,replacement,1.143162005682386,1.038761871933029,10.14679674998645,0.75,0.07961065588614791,0.9216982210374148,1.4231177374798811,6.576372433004724,1.2212453270876722e-13
4,bp_backtrack,4,duplicate,0.29751192555302886,0.18346987298621664,6.390823156488781e+18,0.0,5.376349247860978e+18,5.490212887965606e+18,90.26087429439826,4.055391087951127,0.261755739658426
4,bp_backtrack,4,replacement,0.27137300839452205,0.13976810878866902,6.343522900910109e+18,0.0,1.4804573653839386e+18,1.492904623138728e+18,90.2307052531523,6.576372433004724,0.13210143496486637
4,bp_cavity,4,duplicate,0.29541085897648867,0.1797575703742546,943440325053516.0,0.0,810100985203406.2,825340156376214.2,72.66696106365342,4.055391087951127,0.21690944386925537
4,bp_cavity,4,replacement,0.26216308845692476,0.11801215684924919,884013026939996.5,0.0,223073300293191.78,224430326486664.94,72.63675958498307,6.576372433004724,0.1088249358229092
4,bp_trw,4,duplicate,0.29162999172079507,0.17367203307566714,61624.03069917754,0.0,55186.49548394898,55960.448818673394,25.861035338279713,4.055391087951127,0.07243978215986147
4,bp_trw,4,replacement,0.24393992439971612,0.05901389870234033,50424.240352946115,0.0,15196.420933151845,15216.54908650934,25.830645104614412,6.576372433004724,0.03593700472223915
4,ec_exact,8,duplicate,0.3275171489723335,7.316846857197503e-16,1.0341063161213462,1.0,1.0,1.4822130719008332e-15,4.055391087951126,4.055391087951127,2.6645352591003757e-15
4,ec_exact,8,replacement,0.12461220574948485,1.0825503773384584e-15,-2.524690715670088,1.0,0.9999999999999999,9.429979409812149e-16,7.911182689585971,7.911182689585971,2.6645352591003757e-15
4,naive_sum,8,duplicate,0.2911846073082256,0.17302478659945156,2.2618013233770227e+21,0.0,2.0357720325369197e+21,2.0631099363305332e+21,102.15612623949394,4.055391087951127,2.0738323769364797e-07
4,naive_sum,8,replacement,0.11115912380888013,0.024880127869004263,3.79100289880687e+20,0.0,2.854933085909483e+20,2.8554784332356013e+20,102.11228986268463,7.911182689585971,3.756515525310533e-07
4,mean_pool,8,duplicate,0.869366420379237,0.6825285879324541,5.211213103870062,1.0,0.19850568899639426,0.8122573895876251,0.8983017527365684,4.055391087951127,6.910768834966774e-08
4,mean_pool,8,replacement,0.9217691432289217,0.8353309928432631,5.473721826282745,1.0,0.029270664630240688,0.9709147634101005,0.8575311212816601,7.911182689585971,4.035198342133839e-08
4,cov_int,8,duplicate,0.5698860499496939,0.3813649332260922,3.6945598597753766,1.0,0.2515503271515851,0.7576215247514944,1.3058170356784307,4.055391087951127,2.6645352591003757e-15
4,cov_int,8,replacement,0.762176072129676,0.6861776921594884,4.688934336153493,1.0,0.03571978349343394,0.9646441909676318,1.2445757496716499,7.911182689585971,1.7763568394002505e-15
4,inv_cov_int,8,duplicate,0.7606170548051701,0.5411191636782714,4.271537461935447,1.0,0.2589376717061357,0.7699779107954164,1.3652338782837514,4.055391087951127,1.333493315769374e-10
4,inv_cov_int,8,replacement,0.5099178335870191,0.39098087594488096,3.282654552098415,1.0,0.04002250560516234,0.9603229316354078,1.3839142892581366,7.911182689585971,4.19244194915791e-10
4,bp_backtrack,8,duplicate,0.3223199278974299,0.21055010701868587,1.470657304002757e+19,0.0,1.0752698495721955e+19,1.0919804603905442e+19,91.66085625597552,4.055391087951127,0.23004899939908796
4,bp_backtrack,8,replacement,0.12450522477805472,0.05991648232061621,2.4875134310404716e+18,0.0,1.5079406833185782e+18,1.509414596142819e+18,91.61740401803482,7.911182689585971,0.3130105662863798
4,bp_cavity,8,duplicate,0.3128373288254269,0.19856856976513787,2088634857021794.0,0.0,1620201970406812.2,1644333726564703.8,74.0626963573084,4.055391087951127,0.19131378407908528
4,bp_cavity,8,replacement,0.12048151532589207,0.05165390357182495,352371704972003.44,0.0,227214449223270.75,227381719677358.97,74.01911995341052,7.911182689585971,0.26052285512122353
4,bp_trw,8,duplicate,0.2936508270734976,0.175736634007875,124840.89239473065,0.125,110372.86532532817,111872.43593503491,27.248389199625468,4.055391087951127,0.06434098030207025
4,bp_trw,8,replacement,0.11223407856218477,0.02909666846851823,20922.19840332253,0.0,15478.509829746436,15481.425119271229,27.204580866763536,7.911182689585971,0.08776665763230085
4,ec_exact,16,duplicate,0.32751714897233347,7.48007913350682e-16,1.0341063161213464,1.0,0.9999999999999999,1.405194671137691e-15,4.055391087951126,4.055391087951127,3.552713678800501e-15
4,ec_exact,16,replacement,0.06239238604171697,1.0582472809525029e-15,-4.695252265740928,1.0,1.0,8.320495835276151e-16,9.172951089043595,9.172951089043593,3.552713678800501e-15
4,naive_sum,16,duplicate,0.2911846073082235,0.1730247865994486,4.523602646753965e+21,0.0,4.0715440650738393e+21,4.126219872661066e+21,103.54242060061382,4.055391087951127,1.1564081603410159e-07
4,naive_sum,16,replacement,0.05627044909049003,0.013758707577567982,1.846427704665682e+20,0.0,2.8808528226134508e+20,2.8810969481285576e+20,103.3923560211195,9.172951089043593,2.2636801588760136e-07
4,mean_pool,16,duplicate,0.8693664203792372,0.6825285879324541,5.211213103870062,1.0,0.19850568899639426,0.8122573895876251,0.8983017527365682,4.055391087951127,3.689245531290908e-08
4,mean_pool,16,replacement,0.9285216119261572,0.8918611346452792,5.48069611757788,1.0,0.015301994323589373,0.9847814496850638,0.8207471862861005,9.172951089043593,1.7119020645495198e-08
4,cov_int,16,duplicate,0.5752506716151953,0.3890613839008805,3.7422568025743916,1.0,0.24176095027729205,0.7674885927035147,1.2406697268875613,4.055391087951127,2.4424906541753444e-15
4,cov_int,16,replacement,0.6489046116023863,0.620607166679673,4.106062504540558,1.0,0.019363181436659008,0.980811407564546,1.2662086867281603,9.172951089043593,2.4424906541753444e-15
4,inv_cov_int,16,duplicate,0.9212849578077994,0.6075812571741952,5.401945382734967,1.0,0.2545848922203743,0.7737237504743701,1.260645519262456,4.055391087951127,5.201172825763933e-12
4,inv_cov_int,16,replacement,0.6017761092939935,0.5906007942524509,3.3941640659899006,1.0,0.022727071025593897,0.9775922279689395,1.5001598644825003,9.172951089043593,1.4693237737617437e-09
4,bp_backtrack,16,duplicate,0.29417229422066127,0.1779131781564707,2.474409485948036e+19,0.0,2.1505396991443902e+19,2.181462864496209e+19,93.05276834371811,4.055391087951127,0.07455530367299446
4,bp_backtrack,16,replacement,0.06063355825908104,0.025323351052021506,1.1220404824969062e+18,0.0,1.5216311707313042e+18,1.5228543719191245e+18,92.90122076248964,9.172951089043593,0.20667635165978027
4,bp_cavity,16,duplicate,0.2932565891141458,0.17640541336623347,3689200615833184.0,0.0,3240403940813624.0,3286057352631222.0,75.45287440492645,4.055391087951127,0.06206334496559407
4,bp_cavity,16,replacement,0.05931690755013523,0.02201347707300283,162270280936069.2,0.0,229277313228129.8,229411157627131.3,75.30178151584926,9.172951089043593,0.17210628303399744
4,bp_trw,16,duplicate,0.2914201461238347,0.17340603659666934,245920.6333838622,0.0,220745.60500808654,223725.54388538725,28.635121143988616,4.055391087951127,0.020916916659565743
4,bp_trw,16,replacement,0.05662216981092179,0.014603198790790351,10104.412659481055,0.0,15619.029052981507,15620.239962931264,28.484939698187315,9.172951089043593,0.05803720604119533
4,ec_exact,32,duplicate,0.3275171489723336,8.872033387609641e-16,1.0341063161213468,1.0,0.9999999999999998,1.1750060297465519e-15,4.055391087951126,4.055391087951127,2.6645352591003757e-15
4,ec_exact,32,replacement,0.07738551968959727,1.424748729964279e-15,-4.536809113423692,1.0,1.0000000000000002,9.632042412119664e-16,10.537544116769784,10.537544116769785,3.552713678800501e-15
4,naive_sum,32,duplicate,0.2911846073082232,0.1730247865994474,9.047205293507907e+21,0.0,8.143088130147683e+21,8.252439745322133e+21,104.9287149617337,4.055391087951127,4.839222356167738e-08
4,naive_sum,32,replacement,0.07110109411545487,0.00688346750100601,5.684410639813245e+20,0.0,2.8954336309498783e+20,2.8955104470793113e+20,104.76716352075593,10.537544116769785,1.3452927305479534e-07
4,mean_pool,32,duplicate,0.8693664203792368,0.6825285879324536,5.211213103870062,1.0,0.19850568899639426,0.8122573895876251,0.8983017527365684,4.055391087951127,1.6721255713392225e-08
4,mean_pool,32,replacement,0.9530473747780008,0.8813771272003241,5.590737222257784,1.0,0.007727369943345287,0.992298955143843,0.8161762523140795,10.537544116769785,1.0830937924311002e-08
4,cov_int,32,duplicate,0.6497012857387539,0.4509825033145253,4.056137752007518,1.0,0.24658336159326347,0.7624908402683537,1.2686204818782532,4.055391087951127,3.552713678800501e-15
4,cov_int,32,replacement,0.6848820333811398,0.6140343380252922,4.129834291187358,1.0,0.00984247502034287,0.990204571527229,1.296059910005547,10.537544116769785,2.886579864025407e-15
4,inv_cov_int,32,duplicate,0.2607754684327711,0.31936786727309174,2.502427458531405,1.0,0.2905184975810046,0.7237252751422006,1.4908422436116657,4.055391087951127,2.618754102456933e-10
4,inv_cov_int,32,replacement,1.269887955890894,1.2229983471438002,7.978181911355536,0.75,0.01129901424339652,0.9886651807137071,1.4384092830508433,10.537544116769785,1.202331567640158e-10
4,bp_backtrack,32,duplicate,0.29713455305643377,0.17226801243540968,4.939351410832361e+19,0.0,4.301079398288782e+19,4.361863377508219e+19,94.4396844011565,4.055391087951127,0.10248681379287916
4,bp_backtrack,32,replacement,0.08078177592669034,0.044734499054553796,4.1534919199659525e+18,0.0,1.5293325750810893e+18,1.531380888945767e+18,94.27598353923753,10.537544116769785,0.16836151328824656
4,bp_cavity,32,duplicate,0.2953201663399109,0.17245676952226485,7368386999058896.0,0.0,6480807881627248.0,6571003427522896.0,76.83959953813964,4.055391087951127,0.0853606517612775
4,bp_cavity,32,replacement,0.07779289299283762,0.03738918927608649,572653486718357.8,0.0,230437750350716.94,230653890872301.12,76.67655754761601,10.537544116769785,0.14019480398201267
4,bp_trw,32,duplicate,0.2916569863825054,0.172950645080262,491785.4033602731,0.0,441491.0843736033,447443.347475926,30.02146376103471,4.055391087951127,0.02879552926125939
4,bp_trw,32,replacement,0.0718526484582318,0.014022701694316492,31724.164739987602,0.125,15698.076301222287,15699.123286899632,29.859742863617058,10.537544116769785,0.0472715691404737
4,ec_exact,100,duplicate,0.3275171489723335,7.293987819666194e-16,1.0341063161213468,1.0,0.9999999999999999,1.3265978927183877e-15,4.055391087951126,4.055391087951127,2.6645352591003757e-15
4,ec_exact,100,replacement,0.05556848384313365,2.668703240711844e-15,-5.511518959559082,0.75,1.0000000000000009,1.7158049989106597e-15,12.828825699264389,12.828825699264385,3.552713678800501e-15
4,naive_sum,100,duplicate,0.2911846073082226,0.17302478659944742,2.827251654221211e+22,0.0,2.54471504067115e+22,2.5788874204131656e+22,107.20758352811043,4.055391087951127,7.705573068506055e-08
4,naive_sum,100,replacement,0.05468071988899249,0.002202266047590524,1.0233730322338623e+21,0.0,2.9056213368861898e+20,2.9056310196049157e+20,107.06551721694905,12.828825699264385,5.694562332791975e-08
4,mean_pool,100,duplicate,0.8693664203792368,0.6825285879324536,5.21121310387006,1.0,0.19850568899639426,0.8122573895876251,0.8983017527365683,4.055391087951127,9.748113094509847e-09
4,mean_pool,100,replacement,0.9283833564082351,0.9040710324614845,5.474933805651009,1.0,0.0024680805888878977,0.997535243595469,0.82200549677187,12.828825699264385,5.915934186973004e-09
4,cov_int,100,duplicate,0.6770457575358073,0.47078426353714936,4.179878162466157,1.0,0.24246241593922152,0.7659602262397298,1.2409423043849013,4.055391087951127,1.9984014443252818e-15
4,cov_int,100,replacement,0.7207380093970873,0.698047056876802,4.451200153785145,1.0,0.002979130500277288,0.9970229522020874,1.1919263643039768,12.828825699264385,3.1086244689504383e-15
4,inv_cov_int,100,duplicate,0.6724209781243901,0.5205009039174746,4.302360222001575,1.0,0.3153997242769149,0.7291539655731063,1.5750106798748464,4.055391087951127,2.928915998623438e-09
4,inv_cov_int,100,replacement,0.6628038511322538,0.6478687749238818,3.898784143960041,1.0,0.0037418428066231905,0.9962797063345922,1.4351712107102494,12.828825699264385,2.3336377275029463e-10
4,bp_backtrack,100,duplicate,0.29286716776123317,0.1758585807992375,1.5097495141397535e+20,0.0,1.3440873119652443e+20,1.362650824706135e+20,96.71938248252278,4.055391087951127,0.10147764842596985
4,bp_backtrack,100,replacement,0.05733508922186055,0.016851763769832644,5.94060987374241e+18,0.0,1.5347135965582203e+18,1.5355398979389084e+18,96.57747636477913,12.828825699264385,0.01626409499625936
4,bp_cavity,100,duplicate,0.29235230503476317,0.17499314042615194,2.267295015549825e+16,0.0,2.0252524630085156e+16,2.052986978112309e+16,79.11904355529846,4.055391087951127,0.08454182782905661
4,bp_cavity,100,replacement,0.056533676697166885,0.01408929865016421,870467021082231.5,0.0,231248555341065.84,231335259846638.44,78.97708828857894,12.828825699264385,0.013550687930631966
4,bp_trw,100,duplicate,0.29131756988221613,0.17324918885905624,1534145.3677547206,0.0,1379659.3716770497,1398227.2510258248,32.30039736667295,4.055391087951127,0.028533809145649514
4,bp_trw,100,replacement,0.05489430858552159,0.005168168766834407,55890.28306415038,0.0,15753.307129415796,15753.027249185849,32.158343673698184,12.828825699264385,0.0045760000624994746
